record_id,crop,district,season,rainfall_mm,fertilizer_kg_ha,temperature_c,humidity_pct,soil_ph,yield_t_ha,data_source,is_synthetic
SYN-0001,maize,Bindura,2021/22,678.1,76.6,30.0,45.9,6.42,0.897,MundaSense deterministic synthetic demo generator v1,True
SYN-0002,maize,Plumtree,2024/25,574.5,32.1,24.9,69.6,5.91,2.124,MundaSense deterministic synthetic demo generator v1,True
SYN-0003,maize,Mutare,2024/25,796.1,206.0,25.5,67.8,5.63,3.179,MundaSense deterministic synthetic demo generator v1,True
SYN-0004,maize,Goromonzi,2021/22,203.4,301.6,24.0,72.2,7.31,0.953,MundaSense deterministic synthetic demo generator v1,True
SYN-0005,maize,Goromonzi,2024/25,467.1,169.8,22.3,56.3,5.96,3.553,MundaSense deterministic synthetic demo generator v1,True
SYN-0006,maize,Plumtree,2021/22,475.3,87.2,20.5,75.4,5.78,1.049,MundaSense deterministic synthetic demo generator v1,True
SYN-0007,maize,Bindura,2023/24,190.7,124.9,27.1,83.5,6.89,1.211,MundaSense deterministic synthetic demo generator v1,True
SYN-0008,maize,Mutare,2021/22,441.7,110.9,22.7,68.8,5.58,2.034,MundaSense deterministic synthetic demo generator v1,True
SYN-0009,maize,Chinhoyi,2022/23,450.7,157.6,34.6,59.2,5.67,0.15,MundaSense deterministic synthetic demo generator v1,True
SYN-0010,maize,Bindura,2023/24,582.8,144.2,21.7,71.6,6.11,2.868,MundaSense deterministic synthetic demo generator v1,True
SYN-0011,maize,Masvingo,2023/24,825.9,84.2,21.2,87.4,6.1,0.478,MundaSense deterministic synthetic demo generator v1,True
SYN-0012,maize,Zvishavane,2022/23,574.7,56.1,26.7,56.1,6.29,2.378,MundaSense deterministic synthetic demo generator v1,True
SYN-0013,maize,Mutare,2024/25,429.3,114.5,29.8,64.9,7.61,0.15,MundaSense deterministic synthetic demo generator v1,True
SYN-0014,maize,Plumtree,2024/25,609.5,75.5,25.3,59.1,6.34,3.399,MundaSense deterministic synthetic demo generator v1,True
SYN-0015,maize,Mutare,2021/22,814.1,42.0,26.9,60.3,4.39,0.15,MundaSense deterministic synthetic demo generator v1,True
SYN-0016,maize,Plumtree,2023/24,439.4,64.9,19.4,70.0,6.33,1.326,MundaSense deterministic synthetic demo generator v1,True
SYN-0017,maize,Masvingo,2023/24,451.5,37.4,23.0,80.0,6.13,2.003,MundaSense deterministic synthetic demo generator v1,True
SYN-0018,maize,Chinhoyi,2022/23,723.3,91.2,21.8,85.0,6.13,3.427,MundaSense deterministic synthetic demo generator v1,True
SYN-0019,maize,Plumtree,2023/24,579.0,313.9,19.2,74.6,6.28,1.872,MundaSense deterministic synthetic demo generator v1,True
SYN-0020,maize,Goromonzi,2024/25,739.8,82.3,25.5,62.8,6.08,3.996,MundaSense deterministic synthetic demo generator v1,True
SYN-0021,maize,Masvingo,2024/25,617.5,81.4,18.1,92.0,6.06,0.15,MundaSense deterministic synthetic demo generator v1,True
SYN-0022,maize,Gokwe South,2024/25,749.8,93.4,21.0,65.5,6.54,3.142,MundaSense deterministic synthetic demo generator v1,True
SYN-0023,maize,Chinhoyi,2023/24,428.5,215.8,23.4,62.5,5.71,2.308,MundaSense deterministic synthetic demo generator v1,True
SYN-0024,maize,Zvishavane,2022/23,617.8,310.5,22.5,52.3,5.42,2.442,MundaSense deterministic synthetic demo generator v1,True
SYN-0025,maize,Plumtree,2024/25,581.0,249.3,26.3,78.1,8.2,0.977,MundaSense deterministic synthetic demo generator v1,True
SYN-0026,maize,Mutare,2022/23,395.1,169.1,26.0,74.5,5.58,2.182,MundaSense deterministic synthetic demo generator v1,True
SYN-0027,maize,Goromonzi,2023/24,330.8,56.7,27.9,86.3,6.17,0.229,MundaSense deterministic synthetic demo generator v1,True
SYN-0028,maize,Plumtree,2022/23,746.9,171.3,27.4,52.3,5.02,2.303,MundaSense deterministic synthetic demo generator v1,True
SYN-0029,maize,Masvingo,2022/23,555.1,40.7,28.6,77.1,6.18,0.399,MundaSense deterministic synthetic demo generator v1,True
SYN-0030,maize,Goromonzi,2021/22,430.9,36.3,25.1,67.1,5.43,0.823,MundaSense deterministic synthetic demo generator v1,True
SYN-0031,maize,Goromonzi,2024/25,602.2,106.3,26.0,73.0,5.78,3.983,MundaSense deterministic synthetic demo generator v1,True
SYN-0032,maize,Chinhoyi,2021/22,828.7,98.8,26.7,50.5,6.85,2.728,MundaSense deterministic synthetic demo generator v1,True
SYN-0033,maize,Bindura,2021/22,198.1,88.6,25.5,79.3,6.44,0.659,MundaSense deterministic synthetic demo generator v1,True
SYN-0034,maize,Masvingo,2024/25,343.1,78.0,23.9,74.4,6.51,1.782,MundaSense deterministic synthetic demo generator v1,True
SYN-0035,maize,Zvishavane,2023/24,449.3,129.0,24.1,66.8,4.82,2.206,MundaSense deterministic synthetic demo generator v1,True
SYN-0036,maize,Bindura,2022/23,890.3,106.6,22.6,74.0,7.42,2.372,MundaSense deterministic synthetic demo generator v1,True
SYN-0037,maize,Plumtree,2023/24,672.3,153.8,26.4,58.6,5.24,2.616,MundaSense deterministic synthetic demo generator v1,True
SYN-0038,maize,Plumtree,2022/23,762.0,162.0,24.8,61.4,7.2,3.409,MundaSense deterministic synthetic demo generator v1,True
SYN-0039,maize,Gokwe South,2021/22,409.1,120.6,23.0,63.7,6.84,1.652,MundaSense deterministic synthetic demo generator v1,True
SYN-0040,maize,Mutare,2023/24,412.9,67.1,23.0,51.2,6.52,2.01,MundaSense deterministic synthetic demo generator v1,True
SYN-0041,maize,Chinhoyi,2021/22,702.8,66.8,21.3,76.8,5.48,2.395,MundaSense deterministic synthetic demo generator v1,True
SYN-0042,maize,Plumtree,2023/24,630.8,79.9,28.1,75.0,6.21,1.691,MundaSense deterministic synthetic demo generator v1,True
SYN-0043,maize,Mutare,2024/25,721.5,120.2,25.3,59.9,5.76,3.317,MundaSense deterministic synthetic demo generator v1,True
SYN-0044,maize,Gokwe South,2024/25,585.3,148.6,22.4,71.4,6.12,3.318,MundaSense deterministic synthetic demo generator v1,True
SYN-0045,maize,Bindura,2022/23,671.5,69.4,27.6,62.3,5.92,2.714,MundaSense deterministic synthetic demo generator v1,True
SYN-0046,maize,Zvishavane,2024/25,649.3,201.9,23.4,70.6,4.63,2.198,MundaSense deterministic synthetic demo generator v1,True
SYN-0047,maize,Goromonzi,2023/24,763.9,87.5,20.7,63.8,6.91,2.906,MundaSense deterministic synthetic demo generator v1,True
SYN-0048,maize,Zvishavane,2022/23,769.3,19.2,28.3,56.3,6.04,1.102,MundaSense deterministic synthetic demo generator v1,True
SYN-0049,maize,Mutare,2021/22,320.3,273.5,23.4,77.1,5.75,1.895,MundaSense deterministic synthetic demo generator v1,True
SYN-0050,maize,Plumtree,2022/23,204.3,103.7,23.8,66.7,5.7,1.176,MundaSense deterministic synthetic demo generator v1,True
SYN-0051,maize,Plumtree,2023/24,805.3,163.4,25.2,84.5,6.36,2.695,MundaSense deterministic synthetic demo generator v1,True
SYN-0052,maize,Chinhoyi,2024/25,839.7,29.0,28.6,64.4,5.46,0.357,MundaSense deterministic synthetic demo generator v1,True
SYN-0053,maize,Gokwe South,2021/22,431.2,62.6,25.2,58.1,4.48,1.246,MundaSense deterministic synthetic demo generator v1,True
SYN-0054,maize,Goromonzi,2023/24,275.9,81.9,21.4,80.1,6.39,0.86,MundaSense deterministic synthetic demo generator v1,True
SYN-0055,maize,Goromonzi,2024/25,638.3,41.3,26.8,70.9,6.47,3.469,MundaSense deterministic synthetic demo generator v1,True
SYN-0056,maize,Bindura,2024/25,792.2,86.2,23.6,74.0,5.96,3.074,MundaSense deterministic synthetic demo generator v1,True
SYN-0057,maize,Masvingo,2022/23,952.6,76.3,31.0,73.0,5.27,0.15,MundaSense deterministic synthetic demo generator v1,True
SYN-0058,maize,Chinhoyi,2021/22,715.5,190.0,25.1,60.6,6.16,4.432,MundaSense deterministic synthetic demo generator v1,True
SYN-0059,maize,Mutare,2022/23,551.2,18.7,18.2,70.1,5.05,0.15,MundaSense deterministic synthetic demo generator v1,True
SYN-0060,maize,Mutare,2024/25,454.8,136.7,26.2,64.1,5.36,3.062,MundaSense deterministic synthetic demo generator v1,True
SYN-0061,maize,Zvishavane,2024/25,622.1,170.7,31.1,50.6,5.56,0.579,MundaSense deterministic synthetic demo generator v1,True
SYN-0062,maize,Mutare,2023/24,564.6,274.8,30.0,60.6,6.71,1.613,MundaSense deterministic synthetic demo generator v1,True
SYN-0063,maize,Gokwe South,2021/22,432.2,151.5,30.8,74.5,5.84,0.15,MundaSense deterministic synthetic demo generator v1,True
SYN-0064,maize,Zvishavane,2021/22,999.0,53.6,21.9,70.8,5.78,1.627,MundaSense deterministic synthetic demo generator v1,True
SYN-0065,maize,Goromonzi,2022/23,950.3,84.8,27.9,52.3,7.51,0.698,MundaSense deterministic synthetic demo generator v1,True
SYN-0066,maize,Gokwe South,2023/24,830.2,114.5,22.9,54.0,6.35,2.249,MundaSense deterministic synthetic demo generator v1,True
SYN-0067,maize,Zvishavane,2021/22,449.6,205.6,25.8,80.9,6.34,1.861,MundaSense deterministic synthetic demo generator v1,True
SYN-0068,maize,Gokwe South,2023/24,778.2,26.5,21.2,68.4,5.83,2.028,MundaSense deterministic synthetic demo generator v1,True
SYN-0069,maize,Bindura,2023/24,738.3,136.4,23.1,62.0,5.67,3.249,MundaSense deterministic synthetic demo generator v1,True
SYN-0070,maize,Goromonzi,2021/22,701.9,32.1,23.0,65.4,4.53,2.214,MundaSense deterministic synthetic demo generator v1,True
SYN-0071,maize,Plumtree,2021/22,851.2,68.7,27.9,51.2,6.8,1.915,MundaSense deterministic synthetic demo generator v1,True
SYN-0072,maize,Chinhoyi,2022/23,737.5,37.8,27.6,77.5,6.42,1.736,MundaSense deterministic synthetic demo generator v1,True
SYN-0073,maize,Goromonzi,2023/24,756.9,62.0,26.0,62.3,5.97,2.586,MundaSense deterministic synthetic demo generator v1,True
SYN-0074,maize,Chinhoyi,2024/25,737.8,156.3,20.9,81.7,6.0,2.307,MundaSense deterministic synthetic demo generator v1,True
SYN-0075,maize,Mutare,2022/23,683.0,77.9,24.1,67.6,6.63,4.276,MundaSense deterministic synthetic demo generator v1,True
SYN-0076,maize,Goromonzi,2022/23,290.0,58.3,22.8,80.9,4.98,1.14,MundaSense deterministic synthetic demo generator v1,True
SYN-0077,maize,Gokwe South,2024/25,635.5,53.2,27.8,66.9,5.68,2.477,MundaSense deterministic synthetic demo generator v1,True
SYN-0078,maize,Chinhoyi,2022/23,517.1,44.9,28.8,71.6,5.28,0.502,MundaSense deterministic synthetic demo generator v1,True
SYN-0079,maize,Masvingo,2022/23,383.2,150.0,28.4,70.6,7.38,0.663,MundaSense deterministic synthetic demo generator v1,True
SYN-0080,maize,Mutare,2022/23,931.1,101.1,22.8,73.7,6.73,2.569,MundaSense deterministic synthetic demo generator v1,True
SYN-0081,maize,Zvishavane,2021/22,939.9,121.5,16.6,75.5,4.51,0.15,MundaSense deterministic synthetic demo generator v1,True
SYN-0082,maize,Goromonzi,2022/23,871.5,35.5,19.6,68.2,5.01,1.57,MundaSense deterministic synthetic demo generator v1,True
SYN-0083,maize,Chinhoyi,2023/24,667.2,101.4,29.5,80.6,6.0,2.556,MundaSense deterministic synthetic demo generator v1,True
SYN-0084,maize,Plumtree,2024/25,869.9,17.1,23.9,59.1,5.76,1.636,MundaSense deterministic synthetic demo generator v1,True
SYN-0085,maize,Mutare,2023/24,622.2,189.2,22.8,68.1,5.15,2.521,MundaSense deterministic synthetic demo generator v1,True
SYN-0086,maize,Mutare,2024/25,657.5,136.3,30.2,63.0,7.5,0.586,MundaSense deterministic synthetic demo generator v1,True
SYN-0087,maize,Bindura,2023/24,417.7,92.6,29.0,67.3,6.33,1.791,MundaSense deterministic synthetic demo generator v1,True
SYN-0088,maize,Gokwe South,2021/22,693.4,14.8,25.2,62.5,6.44,2.923,MundaSense deterministic synthetic demo generator v1,True
SYN-0089,maize,Plumtree,2022/23,631.2,51.5,24.2,69.9,5.6,2.633,MundaSense deterministic synthetic demo generator v1,True
SYN-0090,maize,Plumtree,2024/25,379.0,37.5,24.7,65.2,6.62,1.695,MundaSense deterministic synthetic demo generator v1,True
SYN-0091,maize,Goromonzi,2021/22,610.5,89.5,25.8,51.7,5.83,2.61,MundaSense deterministic synthetic demo generator v1,True
SYN-0092,maize,Plumtree,2024/25,605.3,124.0,30.1,63.0,5.9,1.695,MundaSense deterministic synthetic demo generator v1,True
SYN-0093,maize,Plumtree,2023/24,952.5,120.1,26.4,55.6,6.54,1.524,MundaSense deterministic synthetic demo generator v1,True
SYN-0094,maize,Goromonzi,2022/23,785.4,227.1,27.4,49.2,4.93,2.335,MundaSense deterministic synthetic demo generator v1,True
SYN-0095,maize,Zvishavane,2024/25,622.1,96.3,28.7,65.1,7.25,1.987,MundaSense deterministic synthetic demo generator v1,True
SYN-0096,maize,Gokwe South,2024/25,666.0,196.1,21.5,73.4,6.23,3.221,MundaSense deterministic synthetic demo generator v1,True
SYN-0097,maize,Chinhoyi,2021/22,628.2,82.0,27.4,69.5,7.02,2.128,MundaSense deterministic synthetic demo generator v1,True
SYN-0098,maize,Mutare,2021/22,582.5,133.2,24.2,72.2,5.33,2.887,MundaSense deterministic synthetic demo generator v1,True
SYN-0099,maize,Mutare,2023/24,419.8,87.1,17.3,54.5,5.44,0.15,MundaSense deterministic synthetic demo generator v1,True
SYN-0100,maize,Chinhoyi,2024/25,592.1,117.9,18.5,58.8,5.26,2.39,MundaSense deterministic synthetic demo generator v1,True
SYN-0101,maize,Plumtree,2021/22,482.0,97.1,21.9,86.4,6.28,1.983,MundaSense deterministic synthetic demo generator v1,True
SYN-0102,maize,Chinhoyi,2023/24,388.7,64.3,26.7,55.9,6.15,2.006,MundaSense deterministic synthetic demo generator v1,True
SYN-0103,maize,Plumtree,2021/22,714.6,360.0,25.5,71.7,5.77,3.058,MundaSense deterministic synthetic demo generator v1,True
SYN-0104,maize,Bindura,2023/24,692.4,120.3,25.7,59.8,5.37,2.751,MundaSense deterministic synthetic demo generator v1,True
SYN-0105,maize,Plumtree,2023/24,289.5,138.3,31.1,62.9,5.19,0.15,MundaSense deterministic synthetic demo generator v1,True
SYN-0106,maize,Plumtree,2021/22,597.3,152.5,21.2,63.5,6.07,2.685,MundaSense deterministic synthetic demo generator v1,True
SYN-0107,maize,Plumtree,2023/24,804.2,111.6,25.0,71.5,5.76,1.932,MundaSense deterministic synthetic demo generator v1,True
SYN-0108,maize,Mutare,2024/25,816.0,14.8,26.0,67.0,5.61,2.166,MundaSense deterministic synthetic demo generator v1,True
SYN-0109,maize,Goromonzi,2024/25,809.8,123.8,22.8,64.0,7.21,3.082,MundaSense deterministic synthetic demo generator v1,True
SYN-0110,maize,Mutare,2021/22,627.2,43.0,25.2,56.9,6.04,2.538,MundaSense deterministic synthetic demo generator v1,True
SYN-0111,maize,Gokwe South,2021/22,463.7,108.6,20.1,72.3,7.01,2.015,MundaSense deterministic synthetic demo generator v1,True
SYN-0112,maize,Plumtree,2021/22,419.5,117.5,29.5,52.5,5.72,0.543,MundaSense deterministic synthetic demo generator v1,True
SYN-0113,maize,Masvingo,2022/23,683.8,26.9,23.0,71.8,6.28,3.296,MundaSense deterministic synthetic demo generator v1,True
SYN-0114,maize,Goromonzi,2021/22,690.2,100.1,31.4,85.7,6.06,0.164,MundaSense deterministic synthetic demo generator v1,True
SYN-0115,maize,Masvingo,2024/25,858.2,34.9,25.0,78.7,4.88,1.561,MundaSense deterministic synthetic demo generator v1,True
SYN-0116,maize,Masvingo,2024/25,823.5,13.7,28.3,70.7,7.13,0.559,MundaSense deterministic synthetic demo generator v1,True
SYN-0117,maize,Bindura,2024/25,595.5,34.3,24.9,65.8,6.0,3.111,MundaSense deterministic synthetic demo generator v1,True
SYN-0118,maize,Chinhoyi,2021/22,389.8,92.6,25.0,49.0,6.64,1.949,MundaSense deterministic synthetic demo generator v1,True
SYN-0119,maize,Chinhoyi,2021/22,561.0,89.3,23.3,55.8,5.56,2.159,MundaSense deterministic synthetic demo generator v1,True
SYN-0120,maize,Bindura,2024/25,660.2,72.2,25.5,77.7,5.98,3.006,MundaSense deterministic synthetic demo generator v1,True
SYN-0121,maize,Goromonzi,2022/23,582.6,135.3,26.1,58.6,5.48,3.033,MundaSense deterministic synthetic demo generator v1,True
SYN-0122,maize,Mutare,2023/24,513.1,86.1,22.7,61.8,6.99,2.661,MundaSense deterministic synthetic demo generator v1,True
SYN-0123,maize,Mutare,2024/25,666.8,124.7,24.7,65.2,6.32,3.906,MundaSense deterministic synthetic demo generator v1,True
SYN-0124,maize,Goromonzi,2021/22,526.8,151.7,23.2,58.2,6.36,2.904,MundaSense deterministic synthetic demo generator v1,True
SYN-0125,maize,Plumtree,2021/22,503.8,321.8,32.2,50.4,7.08,0.15,MundaSense deterministic synthetic demo generator v1,True
SYN-0126,maize,Masvingo,2021/22,677.6,93.6,24.8,66.2,6.93,2.657,MundaSense deterministic synthetic demo generator v1,True
SYN-0127,maize,Bindura,2021/22,545.6,189.3,29.9,55.1,6.65,0.15,MundaSense deterministic synthetic demo generator v1,True
SYN-0128,maize,Plumtree,2021/22,665.2,113.6,24.5,60.2,5.08,2.314,MundaSense deterministic synthetic demo generator v1,True
SYN-0129,maize,Masvingo,2024/25,670.5,117.5,25.9,58.8,5.6,3.614,MundaSense deterministic synthetic demo generator v1,True
SYN-0130,maize,Mutare,2023/24,409.2,94.3,21.0,74.0,5.38,0.637,MundaSense deterministic synthetic demo generator v1,True
SYN-0131,maize,Masvingo,2024/25,531.0,107.9,23.7,65.3,6.62,2.998,MundaSense deterministic synthetic demo generator v1,True
SYN-0132,maize,Masvingo,2024/25,886.0,86.6,25.8,64.4,6.22,3.228,MundaSense deterministic synthetic demo generator v1,True
SYN-0133,maize,Bindura,2024/25,405.0,171.3,30.0,68.4,5.1,0.15,MundaSense deterministic synthetic demo generator v1,True
SYN-0134,maize,Masvingo,2021/22,228.4,62.1,25.8,64.7,5.96,0.883,MundaSense deterministic synthetic demo generator v1,True
SYN-0135,maize,Plumtree,2022/23,275.6,34.1,29.4,60.9,5.02,0.15,MundaSense deterministic synthetic demo generator v1,True
SYN-0136,maize,Gokwe South,2024/25,625.4,70.7,27.1,69.3,6.06,3.47,MundaSense deterministic synthetic demo generator v1,True
SYN-0137,maize,Masvingo,2021/22,625.7,66.0,30.1,68.9,4.91,0.15,MundaSense deterministic synthetic demo generator v1,True
SYN-0138,maize,Bindura,2021/22,598.2,70.7,24.9,65.2,6.48,3.049,MundaSense deterministic synthetic demo generator v1,True
SYN-0139,maize,Gokwe South,2023/24,844.6,91.4,32.5,62.0,6.37,0.15,MundaSense deterministic synthetic demo generator v1,True
SYN-0140,maize,Goromonzi,2024/25,150.0,70.9,23.6,60.4,7.47,1.429,MundaSense deterministic synthetic demo generator v1,True
SYN-0141,maize,Zvishavane,2024/25,693.2,90.6,22.7,60.3,6.71,2.768,MundaSense deterministic synthetic demo generator v1,True
SYN-0142,maize,Chinhoyi,2024/25,908.9,71.0,21.3,76.0,5.8,1.836,MundaSense deterministic synthetic demo generator v1,True
SYN-0143,maize,Gokwe South,2021/22,411.4,126.2,32.3,65.4,6.69,0.15,MundaSense deterministic synthetic demo generator v1,True
SYN-0144,maize,Goromonzi,2024/25,549.7,320.2,27.6,68.7,5.09,2.39,MundaSense deterministic synthetic demo generator v1,True
SYN-0145,maize,Zvishavane,2024/25,480.7,112.3,24.1,69.7,5.41,1.558,MundaSense deterministic synthetic demo generator v1,True
SYN-0146,maize,Plumtree,2023/24,454.5,72.9,29.0,64.1,6.34,0.725,MundaSense deterministic synthetic demo generator v1,True
SYN-0147,maize,Bindura,2024/25,559.6,15.2,27.2,71.2,4.55,0.489,MundaSense deterministic synthetic demo generator v1,True
SYN-0148,maize,Chinhoyi,2024/25,884.1,262.5,31.2,70.6,6.07,1.267,MundaSense deterministic synthetic demo generator v1,True
SYN-0149,maize,Plumtree,2022/23,959.9,116.0,20.3,78.0,5.37,1.113,MundaSense deterministic synthetic demo generator v1,True
SYN-0150,maize,Bindura,2021/22,557.9,90.1,24.3,66.1,6.17,2.627,MundaSense deterministic synthetic demo generator v1,True
SYN-0151,maize,Plumtree,2022/23,972.4,16.0,23.7,79.9,5.32,0.644,MundaSense deterministic synthetic demo generator v1,True
SYN-0152,maize,Gokwe South,2021/22,626.6,93.0,19.0,72.8,6.41,0.652,MundaSense deterministic synthetic demo generator v1,True
SYN-0153,maize,Zvishavane,2021/22,944.4,107.4,28.4,69.8,6.11,0.517,MundaSense deterministic synthetic demo generator v1,True
SYN-0154,maize,Gokwe South,2021/22,602.7,71.2,24.3,69.6,7.11,2.997,MundaSense deterministic synthetic demo generator v1,True
SYN-0155,maize,Goromonzi,2023/24,644.2,39.0,27.4,67.0,6.1,3.501,MundaSense deterministic synthetic demo generator v1,True
SYN-0156,maize,Mutare,2023/24,687.6,37.2,32.4,54.7,5.55,0.15,MundaSense deterministic synthetic demo generator v1,True
SYN-0157,maize,Chinhoyi,2023/24,1150.0,264.8,24.0,73.5,5.92,1.803,MundaSense deterministic synthetic demo generator v1,True
SYN-0158,maize,Masvingo,2023/24,777.5,105.6,23.8,92.0,5.13,1.648,MundaSense deterministic synthetic demo generator v1,True
SYN-0159,maize,Masvingo,2023/24,489.2,71.1,25.5,62.8,6.39,1.74,MundaSense deterministic synthetic demo generator v1,True
SYN-0160,maize,Plumtree,2023/24,799.3,101.9,28.2,64.9,6.52,2.776,MundaSense deterministic synthetic demo generator v1,True
SYN-0161,maize,Zvishavane,2021/22,553.1,97.8,23.3,63.6,7.88,1.609,MundaSense deterministic synthetic demo generator v1,True
SYN-0162,maize,Mutare,2024/25,529.4,35.8,23.1,63.4,5.65,3.696,MundaSense deterministic synthetic demo generator v1,True
SYN-0163,maize,Goromonzi,2022/23,788.1,165.0,28.4,78.0,5.91,3.084,MundaSense deterministic synthetic demo generator v1,True
SYN-0164,maize,Goromonzi,2021/22,625.8,88.7,26.3,59.6,5.69,2.113,MundaSense deterministic synthetic demo generator v1,True
SYN-0165,maize,Goromonzi,2024/25,671.5,106.4,18.8,66.6,6.25,1.97,MundaSense deterministic synthetic demo generator v1,True
SYN-0166,maize,Plumtree,2023/24,622.6,216.8,21.3,54.8,6.37,2.521,MundaSense deterministic synthetic demo generator v1,True
SYN-0167,maize,Gokwe South,2021/22,682.3,39.9,29.8,56.4,6.06,0.866,MundaSense deterministic synthetic demo generator v1,True
SYN-0168,maize,Chinhoyi,2021/22,698.6,60.0,26.3,50.2,6.88,2.492,MundaSense deterministic synthetic demo generator v1,True
SYN-0169,maize,Gokwe South,2021/22,261.7,119.6,22.7,73.8,5.66,2.712,MundaSense deterministic synthetic demo generator v1,True
SYN-0170,maize,Bindura,2022/23,743.3,163.2,24.6,92.0,6.81,2.445,MundaSense deterministic synthetic demo generator v1,True
SYN-0171,maize,Bindura,2021/22,438.3,66.9,25.1,63.1,6.49,2.364,MundaSense deterministic synthetic demo generator v1,True
SYN-0172,maize,Bindura,2023/24,353.2,69.4,27.4,49.8,6.09,1.543,MundaSense deterministic synthetic demo generator v1,True
SYN-0173,maize,Plumtree,2023/24,609.2,142.2,20.9,77.5,5.87,2.354,MundaSense deterministic synthetic demo generator v1,True
SYN-0174,maize,Mutare,2024/25,635.5,306.4,22.5,61.7,7.85,2.902,MundaSense deterministic synthetic demo generator v1,True
SYN-0175,maize,Mutare,2023/24,491.7,103.9,25.9,77.5,5.51,1.717,MundaSense deterministic synthetic demo generator v1,True
SYN-0176,maize,Goromonzi,2023/24,773.7,59.9,24.8,64.1,6.31,3.113,MundaSense deterministic synthetic demo generator v1,True
SYN-0177,maize,Mutare,2023/24,371.7,48.8,26.9,59.5,5.56,1.462,MundaSense deterministic synthetic demo generator v1,True
SYN-0178,maize,Chinhoyi,2021/22,544.7,91.2,21.3,67.5,7.39,2.166,MundaSense deterministic synthetic demo generator v1,True
SYN-0179,maize,Zvishavane,2021/22,511.8,159.0,26.2,72.5,6.74,2.645,MundaSense deterministic synthetic demo generator v1,True
SYN-0180,maize,Masvingo,2023/24,611.4,360.0,28.5,62.0,5.61,2.863,MundaSense deterministic synthetic demo generator v1,True
SYN-0181,maize,Zvishavane,2021/22,671.6,82.1,26.6,60.9,6.47,3.044,MundaSense deterministic synthetic demo generator v1,True
SYN-0182,maize,Chinhoyi,2021/22,433.5,104.0,25.5,64.3,6.29,2.368,MundaSense deterministic synthetic demo generator v1,True
SYN-0183,maize,Goromonzi,2021/22,754.0,240.7,24.8,55.2,5.73,2.988,MundaSense deterministic synthetic demo generator v1,True
SYN-0184,maize,Mutare,2024/25,631.7,118.5,22.5,71.8,6.65,3.109,MundaSense deterministic synthetic demo generator v1,True
SYN-0185,maize,Goromonzi,2022/23,270.0,112.8,24.9,50.5,6.38,1.858,MundaSense deterministic synthetic demo generator v1,True
SYN-0186,maize,Goromonzi,2023/24,257.7,215.3,29.0,59.7,6.26,0.896,MundaSense deterministic synthetic demo generator v1,True
SYN-0187,maize,Chinhoyi,2022/23,617.7,105.4,24.7,73.5,6.07,3.142,MundaSense deterministic synthetic demo generator v1,True
SYN-0188,maize,Goromonzi,2021/22,579.1,51.6,22.3,71.1,6.41,2.307,MundaSense deterministic synthetic demo generator v1,True
SYN-0189,maize,Chinhoyi,2022/23,600.9,191.3,23.6,72.8,6.27,3.05,MundaSense deterministic synthetic demo generator v1,True
SYN-0190,maize,Gokwe South,2021/22,614.8,31.5,25.7,65.4,6.14,1.64,MundaSense deterministic synthetic demo generator v1,True
SYN-0191,maize,Mutare,2024/25,661.7,173.6,23.9,77.8,5.64,3.458,MundaSense deterministic synthetic demo generator v1,True
SYN-0192,maize,Mutare,2021/22,795.3,99.1,26.6,73.7,7.32,1.397,MundaSense deterministic synthetic demo generator v1,True
SYN-0193,maize,Masvingo,2022/23,414.4,82.7,26.7,69.3,5.34,0.98,MundaSense deterministic synthetic demo generator v1,True
SYN-0194,maize,Gokwe South,2024/25,403.2,81.3,27.9,72.8,6.41,1.233,MundaSense deterministic synthetic demo generator v1,True
SYN-0195,maize,Zvishavane,2023/24,417.7,91.0,29.5,70.1,5.87,0.15,MundaSense deterministic synthetic demo generator v1,True
SYN-0196,maize,Bindura,2022/23,673.4,75.4,28.2,60.3,7.37,2.178,MundaSense deterministic synthetic demo generator v1,True
SYN-0197,maize,Gokwe South,2023/24,850.3,128.5,22.2,56.4,5.45,2.745,MundaSense deterministic synthetic demo generator v1,True
SYN-0198,maize,Bindura,2024/25,540.2,77.0,22.3,72.2,5.57,2.627,MundaSense deterministic synthetic demo generator v1,True
SYN-0199,maize,Gokwe South,2022/23,157.2,23.2,24.9,71.5,5.4,0.388,MundaSense deterministic synthetic demo generator v1,True
SYN-0200,maize,Zvishavane,2023/24,304.8,99.6,23.7,77.2,6.33,1.722,MundaSense deterministic synthetic demo generator v1,True
SYN-0201,maize,Gokwe South,2024/25,465.9,22.0,21.6,60.5,5.11,1.113,MundaSense deterministic synthetic demo generator v1,True
SYN-0202,maize,Zvishavane,2023/24,516.8,99.2,23.7,59.2,5.76,2.219,MundaSense deterministic synthetic demo generator v1,True
SYN-0203,maize,Goromonzi,2022/23,544.4,74.4,23.6,71.6,4.55,2.684,MundaSense deterministic synthetic demo generator v1,True
SYN-0204,maize,Mutare,2021/22,627.1,166.5,23.0,67.2,6.27,3.812,MundaSense deterministic synthetic demo generator v1,True
SYN-0205,maize,Goromonzi,2021/22,562.3,84.8,24.1,50.1,5.74,3.237,MundaSense deterministic synthetic demo generator v1,True
SYN-0206,maize,Gokwe South,2024/25,814.1,153.1,28.8,67.2,5.03,2.008,MundaSense deterministic synthetic demo generator v1,True
SYN-0207,maize,Plumtree,2023/24,494.9,143.4,25.7,49.3,6.88,1.237,MundaSense deterministic synthetic demo generator v1,True
SYN-0208,maize,Zvishavane,2022/23,460.5,145.6,32.8,52.6,5.16,0.15,MundaSense deterministic synthetic demo generator v1,True
SYN-0209,maize,Gokwe South,2022/23,708.6,86.6,25.6,78.2,6.67,3.04,MundaSense deterministic synthetic demo generator v1,True
SYN-0210,maize,Plumtree,2023/24,335.9,103.1,24.2,83.5,5.6,1.704,MundaSense deterministic synthetic demo generator v1,True
SYN-0211,maize,Gokwe South,2023/24,692.1,126.5,25.1,55.5,7.25,2.939,MundaSense deterministic synthetic demo generator v1,True
SYN-0212,maize,Mutare,2023/24,639.0,105.0,25.9,62.9,6.64,3.07,MundaSense deterministic synthetic demo generator v1,True
SYN-0213,maize,Plumtree,2022/23,592.7,84.9,26.4,65.9,5.37,2.263,MundaSense deterministic synthetic demo generator v1,True
SYN-0214,maize,Goromonzi,2023/24,913.8,54.8,31.5,78.0,5.44,0.15,MundaSense deterministic synthetic demo generator v1,True
SYN-0215,maize,Mutare,2022/23,504.9,100.3,22.5,63.8,6.54,2.684,MundaSense deterministic synthetic demo generator v1,True
SYN-0216,maize,Gokwe South,2024/25,1001.2,34.2,27.8,60.3,5.91,1.396,MundaSense deterministic synthetic demo generator v1,True
SYN-0217,maize,Bindura,2021/22,578.3,20.6,25.7,79.9,5.98,1.485,MundaSense deterministic synthetic demo generator v1,True
SYN-0218,maize,Bindura,2021/22,383.8,46.5,20.2,66.5,7.02,0.624,MundaSense deterministic synthetic demo generator v1,True
SYN-0219,maize,Goromonzi,2022/23,632.9,144.7,27.5,71.3,5.56,3.89,MundaSense deterministic synthetic demo generator v1,True
SYN-0220,maize,Zvishavane,2023/24,420.9,114.1,29.0,50.4,6.17,0.458,MundaSense deterministic synthetic demo generator v1,True
SYN-0221,maize,Chinhoyi,2023/24,480.9,145.5,22.4,66.7,6.79,2.517,MundaSense deterministic synthetic demo generator v1,True
SYN-0222,maize,Goromonzi,2022/23,693.5,63.6,25.1,51.5,6.68,2.812,MundaSense deterministic synthetic demo generator v1,True
SYN-0223,maize,Mutare,2024/25,722.8,176.1,19.8,60.7,5.99,2.992,MundaSense deterministic synthetic demo generator v1,True
SYN-0224,maize,Chinhoyi,2022/23,504.9,37.2,21.2,76.7,5.89,1.677,MundaSense deterministic synthetic demo generator v1,True
SYN-0225,maize,Mutare,2021/22,802.7,47.7,28.3,63.7,4.85,0.886,MundaSense deterministic synthetic demo generator v1,True
SYN-0226,maize,Gokwe South,2021/22,834.1,174.4,23.7,64.6,5.34,3.086,MundaSense deterministic synthetic demo generator v1,True
SYN-0227,maize,Plumtree,2024/25,885.7,109.3,21.7,62.1,6.33,2.066,MundaSense deterministic synthetic demo generator v1,True
SYN-0228,maize,Masvingo,2021/22,717.9,146.0,25.8,63.9,6.0,3.352,MundaSense deterministic synthetic demo generator v1,True
SYN-0229,maize,Masvingo,2024/25,872.2,114.4,23.5,70.3,6.15,3.171,MundaSense deterministic synthetic demo generator v1,True
SYN-0230,maize,Chinhoyi,2022/23,272.1,69.6,23.6,76.3,6.85,1.977,MundaSense deterministic synthetic demo generator v1,True
SYN-0231,maize,Goromonzi,2021/22,561.2,43.8,27.4,41.2,5.25,1.643,MundaSense deterministic synthetic demo generator v1,True
SYN-0232,maize,Plumtree,2022/23,459.6,25.3,21.5,61.5,5.93,3.154,MundaSense deterministic synthetic demo generator v1,True
SYN-0233,maize,Bindura,2023/24,642.1,251.9,22.3,69.8,6.24,4.072,MundaSense deterministic synthetic demo generator v1,True
SYN-0234,maize,Plumtree,2022/23,514.3,30.5,25.6,65.2,5.59,2.17,MundaSense deterministic synthetic demo generator v1,True
SYN-0235,maize,Goromonzi,2024/25,589.3,211.3,28.1,68.0,7.13,2.252,MundaSense deterministic synthetic demo generator v1,True
SYN-0236,maize,Mutare,2023/24,968.2,105.8,28.9,66.2,6.75,0.743,MundaSense deterministic synthetic demo generator v1,True
SYN-0237,maize,Mutare,2022/23,588.6,116.4,23.0,65.1,6.31,4.049,MundaSense deterministic synthetic demo generator v1,True
SYN-0238,maize,Goromonzi,2023/24,696.6,112.0,28.0,59.7,7.39,2.929,MundaSense deterministic synthetic demo generator v1,True
SYN-0239,maize,Gokwe South,2024/25,577.0,135.8,22.7,65.9,5.02,3.49,MundaSense deterministic synthetic demo generator v1,True
SYN-0240,maize,Mutare,2022/23,634.0,59.7,30.8,72.8,6.09,1.019,MundaSense deterministic synthetic demo generator v1,True
SYN-0241,maize,Chinhoyi,2021/22,621.1,18.2,21.6,62.3,6.36,1.761,MundaSense deterministic synthetic demo generator v1,True
SYN-0242,maize,Masvingo,2022/23,702.9,68.7,29.2,63.0,5.44,1.587,MundaSense deterministic synthetic demo generator v1,True
SYN-0243,maize,Bindura,2024/25,835.6,129.3,23.1,69.5,6.32,2.748,MundaSense deterministic synthetic demo generator v1,True
SYN-0244,maize,Mutare,2021/22,924.8,48.1,31.3,76.1,5.3,0.15,MundaSense deterministic synthetic demo generator v1,True
SYN-0245,maize,Mutare,2024/25,677.3,178.5,26.9,62.4,6.6,3.463,MundaSense deterministic synthetic demo generator v1,True
SYN-0246,maize,Bindura,2023/24,729.1,92.0,22.0,77.3,6.86,3.035,MundaSense deterministic synthetic demo generator v1,True
SYN-0247,maize,Plumtree,2023/24,407.1,45.0,23.5,78.7,6.3,1.901,MundaSense deterministic synthetic demo generator v1,True
SYN-0248,maize,Goromonzi,2022/23,603.7,108.7,27.5,64.2,4.77,2.371,MundaSense deterministic synthetic demo generator v1,True
SYN-0249,maize,Plumtree,2024/25,794.0,128.0,28.4,62.2,5.4,2.177,MundaSense deterministic synthetic demo generator v1,True
SYN-0250,maize,Bindura,2021/22,780.2,133.4,24.9,63.6,6.51,2.786,MundaSense deterministic synthetic demo generator v1,True
SYN-0251,maize,Chinhoyi,2022/23,659.1,7.1,25.2,64.0,6.12,2.714,MundaSense deterministic synthetic demo generator v1,True
SYN-0252,maize,Goromonzi,2022/23,784.0,5.9,27.5,72.5,4.2,0.15,MundaSense deterministic synthetic demo generator v1,True
SYN-0253,maize,Chinhoyi,2022/23,710.8,174.5,25.5,68.2,6.99,2.421,MundaSense deterministic synthetic demo generator v1,True
SYN-0254,maize,Gokwe South,2022/23,842.1,35.1,21.1,71.4,6.2,2.324,MundaSense deterministic synthetic demo generator v1,True
SYN-0255,maize,Mutare,2021/22,673.5,174.6,22.6,58.1,5.51,2.868,MundaSense deterministic synthetic demo generator v1,True
SYN-0256,maize,Chinhoyi,2021/22,554.2,183.7,25.8,57.2,6.82,3.39,MundaSense deterministic synthetic demo generator v1,True
SYN-0257,maize,Mutare,2021/22,682.1,43.9,28.9,83.1,5.61,1.733,MundaSense deterministic synthetic demo generator v1,True
SYN-0258,maize,Bindura,2023/24,150.0,50.3,30.1,61.3,5.6,0.15,MundaSense deterministic synthetic demo generator v1,True
SYN-0259,maize,Chinhoyi,2022/23,690.8,150.2,27.5,57.8,6.36,3.31,MundaSense deterministic synthetic demo generator v1,True
SYN-0260,maize,Masvingo,2023/24,150.0,77.3,26.0,78.7,7.38,0.15,MundaSense deterministic synthetic demo generator v1,True
SYN-0261,maize,Plumtree,2023/24,301.2,198.9,27.4,67.3,7.27,0.15,MundaSense deterministic synthetic demo generator v1,True
SYN-0262,maize,Chinhoyi,2023/24,703.6,229.9,23.0,73.1,6.36,3.612,MundaSense deterministic synthetic demo generator v1,True
SYN-0263,maize,Gokwe South,2023/24,708.3,45.0,24.6,65.5,6.43,2.544,MundaSense deterministic synthetic demo generator v1,True
SYN-0264,maize,Zvishavane,2023/24,405.0,58.9,22.5,65.4,6.67,1.451,MundaSense deterministic synthetic demo generator v1,True
SYN-0265,maize,Zvishavane,2023/24,488.3,105.4,21.2,67.6,5.19,2.684,MundaSense deterministic synthetic demo generator v1,True
SYN-0266,maize,Masvingo,2023/24,873.6,17.8,26.1,53.3,6.56,0.811,MundaSense deterministic synthetic demo generator v1,True
SYN-0267,maize,Goromonzi,2023/24,530.5,26.0,25.7,65.2,5.57,2.485,MundaSense deterministic synthetic demo generator v1,True
SYN-0268,maize,Gokwe South,2022/23,1034.9,54.5,27.2,67.6,6.33,0.6,MundaSense deterministic synthetic demo generator v1,True
SYN-0269,maize,Masvingo,2021/22,619.6,273.9,26.8,81.9,5.94,3.054,MundaSense deterministic synthetic demo generator v1,True
SYN-0270,maize,Masvingo,2024/25,695.5,115.0,25.9,66.7,6.46,3.341,MundaSense deterministic synthetic demo generator v1,True
SYN-0271,maize,Gokwe South,2022/23,919.1,65.3,26.8,44.2,6.19,1.843,MundaSense deterministic synthetic demo generator v1,True
SYN-0272,maize,Bindura,2023/24,644.2,50.0,25.0,65.7,4.2,1.075,MundaSense deterministic synthetic demo generator v1,True
SYN-0273,maize,Chinhoyi,2021/22,434.6,43.5,26.4,90.2,6.23,0.878,MundaSense deterministic synthetic demo generator v1,True
SYN-0274,maize,Zvishavane,2022/23,599.7,68.5,22.8,75.8,6.56,3.21,MundaSense deterministic synthetic demo generator v1,True
SYN-0275,maize,Goromonzi,2023/24,613.4,66.0,26.2,58.3,6.42,3.766,MundaSense deterministic synthetic demo generator v1,True
SYN-0276,maize,Goromonzi,2023/24,367.5,86.1,27.2,70.3,6.03,1.823,MundaSense deterministic synthetic demo generator v1,True
SYN-0277,maize,Goromonzi,2023/24,572.7,131.6,23.0,61.2,7.28,2.478,MundaSense deterministic synthetic demo generator v1,True
SYN-0278,maize,Plumtree,2022/23,482.7,94.4,25.3,54.1,6.32,2.591,MundaSense deterministic synthetic demo generator v1,True
SYN-0279,maize,Bindura,2024/25,791.0,155.3,23.2,64.6,6.42,4.81,MundaSense deterministic synthetic demo generator v1,True
SYN-0280,maize,Bindura,2023/24,626.4,82.3,23.5,68.4,6.85,3.129,MundaSense deterministic synthetic demo generator v1,True
SYN-0281,maize,Gokwe South,2024/25,567.7,239.6,21.6,52.0,6.36,3.907,MundaSense deterministic synthetic demo generator v1,True
SYN-0282,maize,Goromonzi,2023/24,600.4,153.2,29.0,53.3,5.45,1.556,MundaSense deterministic synthetic demo generator v1,True
SYN-0283,maize,Mutare,2023/24,661.3,113.2,28.4,64.2,4.34,0.979,MundaSense deterministic synthetic demo generator v1,True
SYN-0284,maize,Goromonzi,2024/25,734.1,131.8,26.8,61.6,5.76,3.661,MundaSense deterministic synthetic demo generator v1,True
SYN-0285,maize,Goromonzi,2021/22,435.1,69.7,31.2,65.7,6.65,0.15,MundaSense deterministic synthetic demo generator v1,True
SYN-0286,maize,Zvishavane,2024/25,427.3,85.3,24.5,55.9,5.85,1.99,MundaSense deterministic synthetic demo generator v1,True
SYN-0287,maize,Chinhoyi,2024/25,824.4,83.2,34.5,66.3,6.68,0.15,MundaSense deterministic synthetic demo generator v1,True
SYN-0288,maize,Masvingo,2023/24,543.7,60.4,24.4,56.3,6.21,2.968,MundaSense deterministic synthetic demo generator v1,True
SYN-0289,maize,Masvingo,2023/24,357.9,38.3,25.9,80.7,7.03,1.294,MundaSense deterministic synthetic demo generator v1,True
SYN-0290,maize,Goromonzi,2023/24,702.1,136.0,23.9,51.9,5.89,4.234,MundaSense deterministic synthetic demo generator v1,True
SYN-0291,maize,Plumtree,2022/23,705.7,169.3,26.3,55.8,6.44,3.966,MundaSense deterministic synthetic demo generator v1,True
SYN-0292,maize,Gokwe South,2024/25,336.8,125.0,27.7,68.4,6.46,1.476,MundaSense deterministic synthetic demo generator v1,True
SYN-0293,maize,Zvishavane,2021/22,662.5,94.2,24.7,81.7,7.18,2.238,MundaSense deterministic synthetic demo generator v1,True
SYN-0294,maize,Gokwe South,2022/23,756.1,299.7,30.6,65.4,4.87,1.22,MundaSense deterministic synthetic demo generator v1,True
SYN-0295,maize,Masvingo,2023/24,689.3,64.8,25.8,71.0,5.77,2.903,MundaSense deterministic synthetic demo generator v1,True
SYN-0296,maize,Masvingo,2024/25,736.9,115.5,25.9,66.0,6.71,2.585,MundaSense deterministic synthetic demo generator v1,True
SYN-0297,maize,Plumtree,2022/23,360.2,183.1,22.3,59.2,7.21,1.169,MundaSense deterministic synthetic demo generator v1,True
SYN-0298,maize,Goromonzi,2022/23,681.2,46.8,26.4,61.1,6.27,3.267,MundaSense deterministic synthetic demo generator v1,True
SYN-0299,maize,Gokwe South,2021/22,564.0,142.0,24.7,55.8,5.89,2.874,MundaSense deterministic synthetic demo generator v1,True
SYN-0300,maize,Bindura,2021/22,530.7,248.4,23.2,56.2,6.65,3.228,MundaSense deterministic synthetic demo generator v1,True
SYN-0301,maize,Gokwe South,2021/22,781.1,99.0,22.7,71.7,6.73,3.189,MundaSense deterministic synthetic demo generator v1,True
SYN-0302,maize,Plumtree,2021/22,893.7,109.4,33.4,50.5,5.84,0.15,MundaSense deterministic synthetic demo generator v1,True
SYN-0303,maize,Bindura,2024/25,952.0,65.1,24.3,69.9,6.34,3.11,MundaSense deterministic synthetic demo generator v1,True
SYN-0304,maize,Zvishavane,2024/25,863.2,131.0,20.6,57.9,6.95,1.212,MundaSense deterministic synthetic demo generator v1,True
SYN-0305,maize,Masvingo,2024/25,599.7,59.4,22.9,70.6,7.46,2.425,MundaSense deterministic synthetic demo generator v1,True
SYN-0306,maize,Chinhoyi,2021/22,685.3,95.5,24.9,62.1,6.63,3.519,MundaSense deterministic synthetic demo generator v1,True
SYN-0307,maize,Gokwe South,2021/22,761.9,34.9,26.8,77.9,6.13,1.25,MundaSense deterministic synthetic demo generator v1,True
SYN-0308,maize,Masvingo,2022/23,642.4,10.9,26.8,68.1,6.06,1.792,MundaSense deterministic synthetic demo generator v1,True
SYN-0309,maize,Gokwe South,2023/24,644.2,73.6,27.2,76.1,6.5,1.867,MundaSense deterministic synthetic demo generator v1,True
SYN-0310,maize,Bindura,2022/23,772.4,72.9,23.1,61.0,6.02,3.264,MundaSense deterministic synthetic demo generator v1,True
SYN-0311,maize,Mutare,2022/23,609.0,77.7,26.2,66.2,6.24,3.814,MundaSense deterministic synthetic demo generator v1,True
SYN-0312,maize,Mutare,2021/22,485.1,150.6,22.4,59.5,5.34,3.409,MundaSense deterministic synthetic demo generator v1,True
SYN-0313,maize,Bindura,2023/24,543.3,172.0,23.2,64.1,7.03,2.649,MundaSense deterministic synthetic demo generator v1,True
SYN-0314,maize,Gokwe South,2022/23,737.3,118.3,22.3,66.1,5.28,3.115,MundaSense deterministic synthetic demo generator v1,True
SYN-0315,maize,Chinhoyi,2021/22,620.6,144.6,21.4,62.5,5.79,3.266,MundaSense deterministic synthetic demo generator v1,True
SYN-0316,maize,Mutare,2023/24,682.9,60.5,28.4,53.2,6.17,2.174,MundaSense deterministic synthetic demo generator v1,True
SYN-0317,maize,Mutare,2024/25,744.0,51.1,27.2,52.2,7.53,2.14,MundaSense deterministic synthetic demo generator v1,True
SYN-0318,maize,Mutare,2021/22,550.7,132.5,28.1,43.3,5.8,2.025,MundaSense deterministic synthetic demo generator v1,True
SYN-0319,maize,Zvishavane,2022/23,759.9,46.4,25.2,56.8,5.62,3.451,MundaSense deterministic synthetic demo generator v1,True
SYN-0320,maize,Plumtree,2024/25,690.1,42.8,27.5,70.4,5.7,2.686,MundaSense deterministic synthetic demo generator v1,True
SYN-0321,maize,Gokwe South,2023/24,391.6,360.0,19.6,55.9,7.29,0.478,MundaSense deterministic synthetic demo generator v1,True
SYN-0322,maize,Bindura,2024/25,886.8,102.9,27.8,52.2,4.2,1.086,MundaSense deterministic synthetic demo generator v1,True
SYN-0323,maize,Masvingo,2022/23,527.4,72.9,25.6,82.2,5.38,2.448,MundaSense deterministic synthetic demo generator v1,True
SYN-0324,maize,Zvishavane,2022/23,313.8,67.7,27.0,59.3,8.07,0.15,MundaSense deterministic synthetic demo generator v1,True
SYN-0325,maize,Zvishavane,2023/24,426.7,35.7,26.3,68.5,6.53,1.995,MundaSense deterministic synthetic demo generator v1,True
SYN-0326,maize,Chinhoyi,2021/22,431.1,116.8,22.0,74.4,5.3,1.977,MundaSense deterministic synthetic demo generator v1,True
SYN-0327,maize,Chinhoyi,2021/22,629.7,82.2,20.5,75.6,6.07,2.46,MundaSense deterministic synthetic demo generator v1,True
SYN-0328,maize,Bindura,2023/24,569.3,169.2,22.9,54.3,6.15,3.391,MundaSense deterministic synthetic demo generator v1,True
SYN-0329,maize,Chinhoyi,2023/24,557.7,134.9,26.9,63.1,6.71,1.726,MundaSense deterministic synthetic demo generator v1,True
SYN-0330,maize,Masvingo,2021/22,734.6,80.5,27.2,50.4,7.42,1.594,MundaSense deterministic synthetic demo generator v1,True
SYN-0331,maize,Masvingo,2023/24,682.9,21.9,20.9,91.4,6.38,1.054,MundaSense deterministic synthetic demo generator v1,True
SYN-0332,maize,Gokwe South,2022/23,678.5,103.0,22.1,54.2,5.71,2.451,MundaSense deterministic synthetic demo generator v1,True
SYN-0333,maize,Gokwe South,2023/24,695.8,97.5,22.9,58.6,6.67,3.677,MundaSense deterministic synthetic demo generator v1,True
SYN-0334,maize,Plumtree,2024/25,734.0,18.2,24.0,57.8,5.6,2.797,MundaSense deterministic synthetic demo generator v1,True
SYN-0335,maize,Goromonzi,2021/22,230.0,126.0,20.9,55.9,5.36,0.976,MundaSense deterministic synthetic demo generator v1,True
SYN-0336,maize,Plumtree,2024/25,552.6,45.3,20.7,81.7,4.83,0.859,MundaSense deterministic synthetic demo generator v1,True
SYN-0337,maize,Zvishavane,2022/23,216.7,174.2,22.6,90.0,4.97,0.693,MundaSense deterministic synthetic demo generator v1,True
SYN-0338,maize,Gokwe South,2024/25,626.7,94.0,25.4,62.0,5.45,3.548,MundaSense deterministic synthetic demo generator v1,True
SYN-0339,maize,Chinhoyi,2022/23,619.1,66.5,21.4,57.1,5.25,2.182,MundaSense deterministic synthetic demo generator v1,True
SYN-0340,maize,Zvishavane,2022/23,813.4,111.7,24.7,46.5,6.33,2.844,MundaSense deterministic synthetic demo generator v1,True
SYN-0341,maize,Mutare,2024/25,839.7,107.7,28.4,61.9,5.24,2.242,MundaSense deterministic synthetic demo generator v1,True
SYN-0342,maize,Gokwe South,2023/24,657.5,105.4,21.1,66.4,4.2,0.245,MundaSense deterministic synthetic demo generator v1,True
SYN-0343,maize,Masvingo,2021/22,527.4,161.4,24.5,61.0,5.35,2.531,MundaSense deterministic synthetic demo generator v1,True
SYN-0344,maize,Masvingo,2023/24,709.8,115.8,28.3,66.2,5.76,1.821,MundaSense deterministic synthetic demo generator v1,True
SYN-0345,maize,Zvishavane,2024/25,522.3,62.7,23.8,70.9,5.66,2.573,MundaSense deterministic synthetic demo generator v1,True
SYN-0346,maize,Gokwe South,2022/23,619.7,83.8,23.3,70.6,7.19,2.507,MundaSense deterministic synthetic demo generator v1,True
SYN-0347,maize,Zvishavane,2024/25,802.4,209.2,28.7,61.1,5.66,2.211,MundaSense deterministic synthetic demo generator v1,True
SYN-0348,maize,Zvishavane,2023/24,516.8,59.0,24.2,57.2,6.73,3.25,MundaSense deterministic synthetic demo generator v1,True
SYN-0349,maize,Chinhoyi,2022/23,769.1,124.9,28.5,70.0,6.09,2.174,MundaSense deterministic synthetic demo generator v1,True
SYN-0350,maize,Chinhoyi,2021/22,745.3,164.7,26.4,65.6,6.07,3.271,MundaSense deterministic synthetic demo generator v1,True
SYN-0351,maize,Masvingo,2023/24,443.4,131.9,24.0,75.2,5.5,3.019,MundaSense deterministic synthetic demo generator v1,True
SYN-0352,maize,Bindura,2021/22,800.2,103.4,26.6,72.5,6.06,2.432,MundaSense deterministic synthetic demo generator v1,True
SYN-0353,maize,Gokwe South,2024/25,749.2,113.0,26.1,52.9,5.55,3.847,MundaSense deterministic synthetic demo generator v1,True
SYN-0354,maize,Goromonzi,2023/24,638.9,136.7,28.3,51.3,6.22,2.52,MundaSense deterministic synthetic demo generator v1,True
SYN-0355,maize,Zvishavane,2022/23,479.0,58.6,23.4,60.8,5.93,3.246,MundaSense deterministic synthetic demo generator v1,True
SYN-0356,maize,Zvishavane,2021/22,461.0,97.9,25.2,56.8,5.42,2.375,MundaSense deterministic synthetic demo generator v1,True
SYN-0357,maize,Chinhoyi,2023/24,520.5,298.8,24.9,73.4,6.81,3.219,MundaSense deterministic synthetic demo generator v1,True
SYN-0358,maize,Zvishavane,2021/22,720.4,127.1,27.3,68.1,6.41,2.501,MundaSense deterministic synthetic demo generator v1,True
SYN-0359,maize,Bindura,2022/23,443.2,105.6,21.9,78.5,5.78,2.011,MundaSense deterministic synthetic demo generator v1,True
SYN-0360,maize,Mutare,2024/25,700.9,78.6,28.3,67.8,6.2,2.529,MundaSense deterministic synthetic demo generator v1,True
SYN-0361,maize,Plumtree,2024/25,390.3,59.0,26.5,67.3,6.04,2.041,MundaSense deterministic synthetic demo generator v1,True
SYN-0362,maize,Zvishavane,2024/25,582.2,115.3,21.0,80.1,5.48,2.397,MundaSense deterministic synthetic demo generator v1,True
SYN-0363,maize,Chinhoyi,2024/25,640.3,120.0,28.8,68.0,6.15,2.252,MundaSense deterministic synthetic demo generator v1,True
SYN-0364,maize,Zvishavane,2023/24,1072.3,94.0,32.0,62.2,5.65,0.15,MundaSense deterministic synthetic demo generator v1,True
SYN-0365,maize,Bindura,2021/22,365.2,360.0,28.2,77.6,5.42,1.707,MundaSense deterministic synthetic demo generator v1,True
SYN-0366,maize,Masvingo,2024/25,892.3,62.4,29.5,64.4,4.93,0.76,MundaSense deterministic synthetic demo generator v1,True
SYN-0367,maize,Goromonzi,2024/25,647.7,53.1,25.4,63.5,5.84,3.024,MundaSense deterministic synthetic demo generator v1,True
SYN-0368,maize,Gokwe South,2024/25,696.1,79.3,19.9,62.5,6.51,2.098,MundaSense deterministic synthetic demo generator v1,True
SYN-0369,maize,Bindura,2023/24,641.9,95.8,19.4,76.8,5.6,2.102,MundaSense deterministic synthetic demo generator v1,True
SYN-0370,maize,Plumtree,2021/22,702.3,57.0,25.9,77.0,7.91,1.996,MundaSense deterministic synthetic demo generator v1,True
SYN-0371,maize,Gokwe South,2023/24,591.6,113.6,23.3,67.3,6.74,3.476,MundaSense deterministic synthetic demo generator v1,True
SYN-0372,maize,Mutare,2022/23,889.0,120.9,22.3,80.2,7.04,1.652,MundaSense deterministic synthetic demo generator v1,True
SYN-0373,maize,Goromonzi,2024/25,535.6,145.9,24.9,48.8,6.67,3.223,MundaSense deterministic synthetic demo generator v1,True
SYN-0374,maize,Gokwe South,2022/23,829.5,71.5,27.0,64.6,7.43,1.289,MundaSense deterministic synthetic demo generator v1,True
SYN-0375,maize,Zvishavane,2022/23,500.8,199.6,20.6,69.2,5.53,2.109,MundaSense deterministic synthetic demo generator v1,True
SYN-0376,maize,Bindura,2021/22,608.9,140.4,23.7,60.9,4.26,2.777,MundaSense deterministic synthetic demo generator v1,True
SYN-0377,maize,Mutare,2024/25,421.7,61.6,29.8,84.6,5.78,0.15,MundaSense deterministic synthetic demo generator v1,True
SYN-0378,maize,Mutare,2024/25,704.2,56.8,21.8,68.2,6.5,2.259,MundaSense deterministic synthetic demo generator v1,True
SYN-0379,maize,Goromonzi,2021/22,887.3,82.7,27.8,60.9,6.21,1.501,MundaSense deterministic synthetic demo generator v1,True
SYN-0380,maize,Gokwe South,2022/23,605.7,121.0,23.6,67.7,6.3,3.436,MundaSense deterministic synthetic demo generator v1,True
SYN-0381,maize,Bindura,2022/23,583.6,131.3,26.8,47.2,7.05,3.005,MundaSense deterministic synthetic demo generator v1,True
SYN-0382,maize,Zvishavane,2022/23,413.8,140.2,28.5,57.2,6.38,1.548,MundaSense deterministic synthetic demo generator v1,True
SYN-0383,maize,Zvishavane,2024/25,577.6,288.3,27.4,73.7,6.68,3.39,MundaSense deterministic synthetic demo generator v1,True
SYN-0384,maize,Chinhoyi,2021/22,325.3,27.5,27.9,58.8,5.42,0.15,MundaSense deterministic synthetic demo generator v1,True
SYN-0385,maize,Bindura,2022/23,451.1,92.5,21.5,61.5,5.31,2.724,MundaSense deterministic synthetic demo generator v1,True
SYN-0386,maize,Bindura,2021/22,662.0,275.1,28.6,75.8,7.26,1.921,MundaSense deterministic synthetic demo generator v1,True
SYN-0387,maize,Bindura,2021/22,864.0,149.7,22.5,80.3,6.17,3.006,MundaSense deterministic synthetic demo generator v1,True
SYN-0388,maize,Plumtree,2024/25,1139.7,51.0,25.9,70.5,5.65,0.285,MundaSense deterministic synthetic demo generator v1,True
SYN-0389,maize,Zvishavane,2024/25,511.5,110.3,25.9,61.8,5.65,2.692,MundaSense deterministic synthetic demo generator v1,True
SYN-0390,maize,Chinhoyi,2021/22,885.5,89.2,26.6,63.2,5.63,2.233,MundaSense deterministic synthetic demo generator v1,True
SYN-0391,maize,Mutare,2023/24,665.1,87.3,26.1,58.5,5.59,3.413,MundaSense deterministic synthetic demo generator v1,True
SYN-0392,maize,Chinhoyi,2021/22,592.0,70.7,22.5,59.3,5.18,1.741,MundaSense deterministic synthetic demo generator v1,True
SYN-0393,maize,Gokwe South,2021/22,700.0,105.1,20.9,60.0,5.02,2.102,MundaSense deterministic synthetic demo generator v1,True
SYN-0394,maize,Masvingo,2022/23,631.5,179.4,27.8,59.0,5.96,2.114,MundaSense deterministic synthetic demo generator v1,True
SYN-0395,maize,Mutare,2021/22,640.4,74.7,25.7,56.7,5.67,3.09,MundaSense deterministic synthetic demo generator v1,True
SYN-0396,maize,Plumtree,2022/23,544.5,140.8,28.7,49.9,6.9,1.934,MundaSense deterministic synthetic demo generator v1,True
SYN-0397,maize,Bindura,2024/25,361.3,154.8,25.0,68.5,6.31,3.214,MundaSense deterministic synthetic demo generator v1,True
SYN-0398,maize,Chinhoyi,2023/24,334.4,198.7,20.7,71.6,6.29,1.389,MundaSense deterministic synthetic demo generator v1,True
SYN-0399,maize,Gokwe South,2023/24,740.9,56.2,28.1,79.6,5.56,2.001,MundaSense deterministic synthetic demo generator v1,True
SYN-0400,maize,Gokwe South,2022/23,568.8,100.3,24.0,61.2,6.01,3.768,MundaSense deterministic synthetic demo generator v1,True
SYN-0401,maize,Zvishavane,2021/22,509.7,65.6,26.2,68.4,6.36,1.338,MundaSense deterministic synthetic demo generator v1,True
SYN-0402,maize,Plumtree,2021/22,621.6,105.3,23.1,70.6,6.62,3.079,MundaSense deterministic synthetic demo generator v1,True
SYN-0403,maize,Gokwe South,2022/23,767.1,104.8,30.2,60.6,6.03,1.567,MundaSense deterministic synthetic demo generator v1,True
SYN-0404,maize,Zvishavane,2021/22,653.4,47.2,22.4,75.0,6.88,2.198,MundaSense deterministic synthetic demo generator v1,True
SYN-0405,maize,Goromonzi,2024/25,498.6,108.9,24.1,74.1,6.11,2.605,MundaSense deterministic synthetic demo generator v1,True
SYN-0406,maize,Masvingo,2024/25,846.9,296.2,25.4,69.1,6.67,3.533,MundaSense deterministic synthetic demo generator v1,True
SYN-0407,maize,Goromonzi,2024/25,912.1,131.6,21.7,66.5,5.75,2.158,MundaSense deterministic synthetic demo generator v1,True
SYN-0408,maize,Chinhoyi,2023/24,711.5,40.7,26.1,62.5,4.79,1.899,MundaSense deterministic synthetic demo generator v1,True
SYN-0409,maize,Zvishavane,2023/24,800.1,53.9,30.1,50.6,6.29,0.45,MundaSense deterministic synthetic demo generator v1,True
SYN-0410,maize,Bindura,2023/24,849.8,97.3,23.6,60.2,6.62,3.202,MundaSense deterministic synthetic demo generator v1,True
SYN-0411,maize,Chinhoyi,2022/23,829.1,54.7,26.3,60.0,6.51,2.271,MundaSense deterministic synthetic demo generator v1,True
SYN-0412,maize,Chinhoyi,2023/24,733.6,192.8,16.6,62.3,6.4,0.222,MundaSense deterministic synthetic demo generator v1,True
SYN-0413,maize,Gokwe South,2024/25,730.7,37.3,25.0,70.5,5.85,2.923,MundaSense deterministic synthetic demo generator v1,True
SYN-0414,maize,Chinhoyi,2024/25,716.1,132.1,24.1,77.9,5.52,3.9,MundaSense deterministic synthetic demo generator v1,True
SYN-0415,maize,Bindura,2023/24,417.0,31.7,22.6,60.0,6.5,2.97,MundaSense deterministic synthetic demo generator v1,True
SYN-0416,maize,Mutare,2021/22,749.6,96.4,28.5,66.6,6.41,1.336,MundaSense deterministic synthetic demo generator v1,True
SYN-0417,maize,Zvishavane,2023/24,369.2,49.5,24.1,57.8,5.7,1.667,MundaSense deterministic synthetic demo generator v1,True
SYN-0418,maize,Bindura,2022/23,473.0,145.7,24.5,64.1,6.9,2.384,MundaSense deterministic synthetic demo generator v1,True
SYN-0419,maize,Gokwe South,2023/24,861.2,175.2,23.9,61.0,5.46,3.163,MundaSense deterministic synthetic demo generator v1,True
SYN-0420,maize,Masvingo,2023/24,775.4,120.8,19.2,76.0,5.68,1.01,MundaSense deterministic synthetic demo generator v1,True
SYN-0421,maize,Zvishavane,2024/25,895.2,179.7,21.6,62.8,7.28,1.889,MundaSense deterministic synthetic demo generator v1,True
SYN-0422,maize,Mutare,2022/23,569.7,14.3,28.1,73.4,6.73,1.288,MundaSense deterministic synthetic demo generator v1,True
SYN-0423,maize,Plumtree,2024/25,406.8,108.1,18.6,68.8,5.84,0.601,MundaSense deterministic synthetic demo generator v1,True
SYN-0424,maize,Masvingo,2024/25,575.5,131.0,22.7,62.2,6.31,3.357,MundaSense deterministic synthetic demo generator v1,True
SYN-0425,maize,Goromonzi,2022/23,638.9,140.7,23.9,56.0,6.21,3.997,MundaSense deterministic synthetic demo generator v1,True
SYN-0426,maize,Chinhoyi,2022/23,634.6,24.9,30.5,64.9,4.2,0.15,MundaSense deterministic synthetic demo generator v1,True
SYN-0427,maize,Plumtree,2023/24,829.7,126.7,27.5,72.8,5.45,1.152,MundaSense deterministic synthetic demo generator v1,True
SYN-0428,maize,Plumtree,2024/25,553.2,142.4,23.4,70.1,6.06,3.481,MundaSense deterministic synthetic demo generator v1,True
SYN-0429,maize,Bindura,2023/24,685.1,107.4,29.1,83.7,5.84,1.6,MundaSense deterministic synthetic demo generator v1,True
SYN-0430,maize,Mutare,2024/25,437.1,41.0,22.8,80.9,6.28,2.633,MundaSense deterministic synthetic demo generator v1,True
SYN-0431,maize,Bindura,2022/23,703.3,70.3,28.2,61.5,6.91,1.924,MundaSense deterministic synthetic demo generator v1,True
SYN-0432,maize,Mutare,2023/24,620.6,193.4,20.9,66.5,5.87,2.188,MundaSense deterministic synthetic demo generator v1,True
SYN-0433,maize,Plumtree,2022/23,481.3,181.5,28.4,68.3,5.34,1.44,MundaSense deterministic synthetic demo generator v1,True
SYN-0434,maize,Chinhoyi,2024/25,576.4,129.7,23.8,59.8,6.33,4.204,MundaSense deterministic synthetic demo generator v1,True
SYN-0435,maize,Goromonzi,2022/23,585.9,147.5,21.9,79.2,5.86,3.272,MundaSense deterministic synthetic demo generator v1,True
SYN-0436,maize,Bindura,2023/24,570.0,169.8,24.4,70.2,5.99,3.277,MundaSense deterministic synthetic demo generator v1,True
SYN-0437,maize,Masvingo,2021/22,947.7,128.8,26.0,68.1,5.89,1.463,MundaSense deterministic synthetic demo generator v1,True
SYN-0438,maize,Zvishavane,2024/25,601.8,190.4,23.6,73.7,7.71,3.461,MundaSense deterministic synthetic demo generator v1,True
SYN-0439,maize,Bindura,2022/23,574.9,186.9,26.8,80.7,4.49,1.39,MundaSense deterministic synthetic demo generator v1,True
SYN-0440,maize,Goromonzi,2022/23,232.0,346.7,23.3,69.2,5.82,1.911,MundaSense deterministic synthetic demo generator v1,True
SYN-0441,maize,Zvishavane,2023/24,454.6,72.2,27.0,64.1,6.1,1.981,MundaSense deterministic synthetic demo generator v1,True
SYN-0442,maize,Gokwe South,2022/23,571.3,73.0,26.5,79.0,5.54,1.399,MundaSense deterministic synthetic demo generator v1,True
SYN-0443,maize,Chinhoyi,2024/25,493.1,8.9,24.9,75.3,6.75,2.767,MundaSense deterministic synthetic demo generator v1,True
SYN-0444,maize,Goromonzi,2023/24,875.6,123.4,23.7,64.5,6.69,3.178,MundaSense deterministic synthetic demo generator v1,True
SYN-0445,maize,Masvingo,2023/24,589.5,266.2,25.6,66.1,6.07,3.58,MundaSense deterministic synthetic demo generator v1,True
SYN-0446,maize,Mutare,2021/22,858.4,198.6,26.8,67.0,5.91,2.847,MundaSense deterministic synthetic demo generator v1,True
SYN-0447,maize,Gokwe South,2021/22,631.4,157.7,31.5,65.2,6.02,0.15,MundaSense deterministic synthetic demo generator v1,True
SYN-0448,maize,Zvishavane,2022/23,626.9,206.1,28.0,52.2,6.02,2.087,MundaSense deterministic synthetic demo generator v1,True
SYN-0449,maize,Masvingo,2024/25,603.6,132.4,28.1,50.4,6.04,2.282,MundaSense deterministic synthetic demo generator v1,True
SYN-0450,maize,Gokwe South,2024/25,620.7,83.3,34.7,51.7,5.96,0.15,MundaSense deterministic synthetic demo generator v1,True
SYN-0451,maize,Zvishavane,2023/24,938.0,302.2,26.7,56.6,6.28,2.412,MundaSense deterministic synthetic demo generator v1,True
SYN-0452,maize,Zvishavane,2023/24,190.9,126.9,26.6,59.6,6.64,1.351,MundaSense deterministic synthetic demo generator v1,True
SYN-0453,maize,Goromonzi,2022/23,249.7,184.7,27.3,70.6,5.21,1.954,MundaSense deterministic synthetic demo generator v1,True
SYN-0454,maize,Bindura,2021/22,519.5,14.2,22.0,67.1,5.34,2.002,MundaSense deterministic synthetic demo generator v1,True
SYN-0455,maize,Masvingo,2021/22,622.7,17.0,23.7,69.2,4.84,2.088,MundaSense deterministic synthetic demo generator v1,True
SYN-0456,maize,Masvingo,2022/23,747.7,110.1,23.5,56.5,6.72,2.927,MundaSense deterministic synthetic demo generator v1,True
SYN-0457,maize,Chinhoyi,2022/23,707.5,54.8,27.1,60.9,6.28,2.51,MundaSense deterministic synthetic demo generator v1,True
SYN-0458,maize,Mutare,2021/22,548.9,116.0,24.6,72.1,6.46,3.169,MundaSense deterministic synthetic demo generator v1,True
SYN-0459,maize,Plumtree,2022/23,808.5,73.0,25.5,71.5,5.07,1.916,MundaSense deterministic synthetic demo generator v1,True
SYN-0460,maize,Bindura,2021/22,810.6,360.0,28.5,57.5,7.39,2.014,MundaSense deterministic synthetic demo generator v1,True
SYN-0461,maize,Mutare,2023/24,654.1,176.6,27.8,66.0,5.66,2.15,MundaSense deterministic synthetic demo generator v1,True
SYN-0462,maize,Chinhoyi,2024/25,798.1,217.1,24.6,86.6,6.22,2.88,MundaSense deterministic synthetic demo generator v1,True
SYN-0463,maize,Mutare,2023/24,670.4,20.3,23.0,67.7,6.72,2.906,MundaSense deterministic synthetic demo generator v1,True
SYN-0464,maize,Goromonzi,2022/23,516.1,156.5,28.6,57.7,5.39,2.41,MundaSense deterministic synthetic demo generator v1,True
SYN-0465,maize,Bindura,2022/23,749.1,89.4,27.5,63.2,5.71,2.229,MundaSense deterministic synthetic demo generator v1,True
SYN-0466,maize,Zvishavane,2022/23,640.5,219.3,20.1,70.7,6.23,3.046,MundaSense deterministic synthetic demo generator v1,True
SYN-0467,maize,Chinhoyi,2021/22,620.2,143.9,24.1,65.7,8.16,1.704,MundaSense deterministic synthetic demo generator v1,True
SYN-0468,maize,Masvingo,2023/24,892.5,97.4,25.6,65.8,6.32,2.209,MundaSense deterministic synthetic demo generator v1,True
SYN-0469,maize,Chinhoyi,2023/24,166.6,44.2,27.5,51.7,7.26,0.664,MundaSense deterministic synthetic demo generator v1,True
SYN-0470,maize,Zvishavane,2021/22,357.7,108.9,27.9,55.8,6.97,1.157,MundaSense deterministic synthetic demo generator v1,True
SYN-0471,maize,Mutare,2022/23,400.4,191.0,26.0,64.5,6.36,2.889,MundaSense deterministic synthetic demo generator v1,True
SYN-0472,maize,Plumtree,2022/23,552.8,226.3,26.9,63.7,5.39,3.459,MundaSense deterministic synthetic demo generator v1,True
SYN-0473,maize,Goromonzi,2021/22,572.9,80.0,25.3,61.2,6.86,2.543,MundaSense deterministic synthetic demo generator v1,True
SYN-0474,maize,Goromonzi,2023/24,341.1,341.1,23.0,66.3,5.02,1.518,MundaSense deterministic synthetic demo generator v1,True
SYN-0475,maize,Mutare,2023/24,437.7,182.8,24.3,67.5,7.25,1.943,MundaSense deterministic synthetic demo generator v1,True
SYN-0476,maize,Plumtree,2023/24,460.7,55.5,25.2,74.4,6.24,1.737,MundaSense deterministic synthetic demo generator v1,True
SYN-0477,maize,Plumtree,2023/24,1074.6,47.2,25.0,65.6,4.2,0.15,MundaSense deterministic synthetic demo generator v1,True
SYN-0478,maize,Bindura,2024/25,953.3,92.9,19.3,74.1,5.85,1.19,MundaSense deterministic synthetic demo generator v1,True
SYN-0479,maize,Mutare,2024/25,543.8,79.8,23.9,62.4,6.57,2.89,MundaSense deterministic synthetic demo generator v1,True
SYN-0480,maize,Bindura,2023/24,552.7,133.0,25.3,71.5,5.93,3.471,MundaSense deterministic synthetic demo generator v1,True
SYN-0481,maize,Gokwe South,2024/25,407.4,102.2,24.2,70.4,6.61,2.515,MundaSense deterministic synthetic demo generator v1,True
SYN-0482,maize,Plumtree,2022/23,267.0,84.1,24.3,74.8,5.49,0.906,MundaSense deterministic synthetic demo generator v1,True
SYN-0483,maize,Gokwe South,2024/25,598.4,33.1,26.6,71.8,5.16,2.346,MundaSense deterministic synthetic demo generator v1,True
SYN-0484,maize,Plumtree,2024/25,435.4,146.4,21.8,74.1,6.05,2.593,MundaSense deterministic synthetic demo generator v1,True
SYN-0485,maize,Goromonzi,2023/24,604.3,31.0,20.1,69.1,6.12,1.671,MundaSense deterministic synthetic demo generator v1,True
SYN-0486,maize,Chinhoyi,2024/25,324.0,183.1,24.0,69.4,5.85,2.2,MundaSense deterministic synthetic demo generator v1,True
SYN-0487,maize,Gokwe South,2023/24,479.0,22.3,27.5,74.3,6.98,0.15,MundaSense deterministic synthetic demo generator v1,True
SYN-0488,maize,Masvingo,2023/24,647.5,29.6,30.3,56.9,5.49,0.15,MundaSense deterministic synthetic demo generator v1,True
SYN-0489,maize,Plumtree,2022/23,687.7,55.3,27.5,59.1,6.33,1.899,MundaSense deterministic synthetic demo generator v1,True
SYN-0490,maize,Masvingo,2024/25,697.2,75.4,20.5,71.2,6.15,2.554,MundaSense deterministic synthetic demo generator v1,True
SYN-0491,maize,Zvishavane,2023/24,375.7,65.8,24.4,70.7,4.98,0.687,MundaSense deterministic synthetic demo generator v1,True
SYN-0492,maize,Plumtree,2024/25,778.1,75.2,25.9,58.5,5.15,2.154,MundaSense deterministic synthetic demo generator v1,True
SYN-0493,maize,Plumtree,2022/23,472.0,117.4,25.7,65.4,6.11,1.86,MundaSense deterministic synthetic demo generator v1,True
SYN-0494,maize,Masvingo,2024/25,737.1,56.2,26.8,64.4,7.53,2.045,MundaSense deterministic synthetic demo generator v1,True
SYN-0495,maize,Gokwe South,2021/22,618.0,118.0,22.3,48.5,6.52,3.004,MundaSense deterministic synthetic demo generator v1,True
SYN-0496,maize,Goromonzi,2021/22,365.4,14.4,25.3,64.3,4.86,1.027,MundaSense deterministic synthetic demo generator v1,True
SYN-0497,maize,Bindura,2023/24,561.5,54.8,26.4,64.1,4.2,1.086,MundaSense deterministic synthetic demo generator v1,True
SYN-0498,maize,Gokwe South,2023/24,687.6,28.5,27.7,63.2,6.63,1.149,MundaSense deterministic synthetic demo generator v1,True
SYN-0499,maize,Zvishavane,2024/25,733.4,181.9,22.6,80.9,6.03,2.97,MundaSense deterministic synthetic demo generator v1,True
SYN-0500,maize,Goromonzi,2022/23,593.9,61.3,24.0,56.2,6.92,2.901,MundaSense deterministic synthetic demo generator v1,True
SYN-0501,maize,Bindura,2023/24,903.4,141.2,16.7,64.9,5.47,0.15,MundaSense deterministic synthetic demo generator v1,True
SYN-0502,maize,Mutare,2023/24,806.4,24.6,23.2,44.3,6.35,2.31,MundaSense deterministic synthetic demo generator v1,True
SYN-0503,maize,Zvishavane,2024/25,572.5,224.2,23.5,63.2,6.71,4.125,MundaSense deterministic synthetic demo generator v1,True
SYN-0504,maize,Plumtree,2023/24,758.8,105.8,21.9,65.1,5.78,3.022,MundaSense deterministic synthetic demo generator v1,True
SYN-0505,maize,Gokwe South,2022/23,977.8,286.5,25.6,61.5,5.79,1.926,MundaSense deterministic synthetic demo generator v1,True
SYN-0506,maize,Goromonzi,2024/25,982.7,98.6,24.9,76.5,6.12,2.743,MundaSense deterministic synthetic demo generator v1,True
SYN-0507,maize,Masvingo,2021/22,392.8,33.4,18.1,79.1,6.49,0.15,MundaSense deterministic synthetic demo generator v1,True
SYN-0508,maize,Chinhoyi,2024/25,448.6,50.2,25.8,66.7,6.09,2.0,MundaSense deterministic synthetic demo generator v1,True
SYN-0509,maize,Gokwe South,2021/22,894.7,85.8,22.2,65.1,6.8,2.44,MundaSense deterministic synthetic demo generator v1,True
SYN-0510,maize,Chinhoyi,2022/23,424.2,51.6,26.6,74.6,5.77,1.706,MundaSense deterministic synthetic demo generator v1,True
SYN-0511,maize,Zvishavane,2024/25,375.3,171.9,21.1,69.0,5.14,0.901,MundaSense deterministic synthetic demo generator v1,True
SYN-0512,maize,Mutare,2023/24,530.1,103.9,25.2,59.0,7.52,2.431,MundaSense deterministic synthetic demo generator v1,True
SYN-0513,maize,Plumtree,2024/25,697.7,52.0,24.2,51.6,5.66,2.959,MundaSense deterministic synthetic demo generator v1,True
SYN-0514,maize,Plumtree,2023/24,601.1,157.2,26.0,61.8,5.69,2.679,MundaSense deterministic synthetic demo generator v1,True
SYN-0515,maize,Zvishavane,2023/24,499.6,78.7,25.5,73.0,6.05,2.258,MundaSense deterministic synthetic demo generator v1,True
SYN-0516,maize,Bindura,2022/23,495.3,153.1,24.3,87.5,6.15,2.442,MundaSense deterministic synthetic demo generator v1,True
SYN-0517,maize,Zvishavane,2021/22,488.2,70.9,20.3,70.3,5.82,1.798,MundaSense deterministic synthetic demo generator v1,True
SYN-0518,maize,Bindura,2021/22,457.3,135.6,20.5,62.7,6.09,2.085,MundaSense deterministic synthetic demo generator v1,True
SYN-0519,maize,Goromonzi,2022/23,1042.1,77.0,23.3,57.0,6.07,2.143,MundaSense deterministic synthetic demo generator v1,True
SYN-0520,maize,Masvingo,2021/22,675.0,171.9,25.1,71.4,6.23,3.312,MundaSense deterministic synthetic demo generator v1,True
SYN-0521,maize,Gokwe South,2023/24,784.1,25.0,23.2,51.9,4.4,0.583,MundaSense deterministic synthetic demo generator v1,True
SYN-0522,maize,Chinhoyi,2024/25,529.5,41.6,27.0,70.0,7.45,1.344,MundaSense deterministic synthetic demo generator v1,True
SYN-0523,maize,Chinhoyi,2024/25,585.6,90.6,24.2,74.4,5.99,2.274,MundaSense deterministic synthetic demo generator v1,True
SYN-0524,maize,Plumtree,2022/23,488.0,63.2,22.1,72.5,6.52,2.376,MundaSense deterministic synthetic demo generator v1,True
SYN-0525,maize,Gokwe South,2024/25,150.0,75.5,24.2,65.1,5.11,0.401,MundaSense deterministic synthetic demo generator v1,True
SYN-0526,maize,Gokwe South,2024/25,365.1,144.7,25.8,71.0,5.76,2.165,MundaSense deterministic synthetic demo generator v1,True
SYN-0527,maize,Zvishavane,2024/25,285.0,74.5,26.1,67.3,5.62,1.519,MundaSense deterministic synthetic demo generator v1,True
SYN-0528,maize,Chinhoyi,2022/23,203.8,120.5,30.9,55.4,7.16,0.15,MundaSense deterministic synthetic demo generator v1,True
SYN-0529,maize,Zvishavane,2022/23,398.9,54.5,23.0,84.5,5.68,0.899,MundaSense deterministic synthetic demo generator v1,True
SYN-0530,maize,Zvishavane,2024/25,865.1,20.8,24.9,63.4,6.65,2.181,MundaSense deterministic synthetic demo generator v1,True
SYN-0531,maize,Masvingo,2021/22,611.8,152.6,26.4,72.5,5.63,3.412,MundaSense deterministic synthetic demo generator v1,True
SYN-0532,maize,Chinhoyi,2022/23,858.8,252.8,25.0,44.7,5.77,3.883,MundaSense deterministic synthetic demo generator v1,True
SYN-0533,maize,Chinhoyi,2021/22,696.0,113.2,23.5,79.0,5.92,3.611,MundaSense deterministic synthetic demo generator v1,True
SYN-0534,maize,Gokwe South,2024/25,764.8,93.7,20.3,83.0,7.02,2.148,MundaSense deterministic synthetic demo generator v1,True
SYN-0535,maize,Masvingo,2023/24,453.3,106.2,23.5,67.8,4.74,0.994,MundaSense deterministic synthetic demo generator v1,True
SYN-0536,maize,Chinhoyi,2021/22,716.9,207.0,21.8,73.8,5.15,3.168,MundaSense deterministic synthetic demo generator v1,True
SYN-0537,maize,Goromonzi,2021/22,754.8,114.0,19.7,75.2,4.7,1.355,MundaSense deterministic synthetic demo generator v1,True
SYN-0538,maize,Bindura,2023/24,513.3,156.8,22.6,62.4,5.32,3.038,MundaSense deterministic synthetic demo generator v1,True
SYN-0539,maize,Masvingo,2023/24,723.5,152.9,21.9,73.6,5.52,2.394,MundaSense deterministic synthetic demo generator v1,True
SYN-0540,maize,Bindura,2024/25,724.7,180.2,26.9,57.9,4.94,2.782,MundaSense deterministic synthetic demo generator v1,True
SYN-0541,maize,Mutare,2022/23,518.3,92.5,27.0,59.6,5.57,2.476,MundaSense deterministic synthetic demo generator v1,True
SYN-0542,maize,Bindura,2024/25,412.3,70.3,22.3,78.5,4.65,1.435,MundaSense deterministic synthetic demo generator v1,True
SYN-0543,maize,Chinhoyi,2022/23,400.9,136.5,24.3,75.8,5.37,2.478,MundaSense deterministic synthetic demo generator v1,True
SYN-0544,maize,Chinhoyi,2024/25,636.0,173.0,19.3,64.1,6.96,2.176,MundaSense deterministic synthetic demo generator v1,True
SYN-0545,maize,Plumtree,2021/22,680.5,191.8,23.6,60.9,6.39,2.599,MundaSense deterministic synthetic demo generator v1,True
SYN-0546,maize,Bindura,2021/22,473.4,221.3,26.3,59.8,6.23,3.529,MundaSense deterministic synthetic demo generator v1,True
SYN-0547,maize,Goromonzi,2021/22,624.9,164.2,27.7,71.2,5.38,3.755,MundaSense deterministic synthetic demo generator v1,True
SYN-0548,maize,Masvingo,2022/23,725.5,67.8,22.9,59.0,4.99,2.624,MundaSense deterministic synthetic demo generator v1,True
SYN-0549,maize,Masvingo,2024/25,734.4,113.1,28.4,67.4,5.28,1.346,MundaSense deterministic synthetic demo generator v1,True
SYN-0550,maize,Mutare,2021/22,907.1,107.2,20.4,76.4,6.07,1.31,MundaSense deterministic synthetic demo generator v1,True
SYN-0551,maize,Plumtree,2022/23,856.2,100.3,21.2,68.3,6.73,2.39,MundaSense deterministic synthetic demo generator v1,True
SYN-0552,maize,Goromonzi,2021/22,434.8,136.7,27.3,74.0,6.75,2.55,MundaSense deterministic synthetic demo generator v1,True
SYN-0553,maize,Plumtree,2024/25,931.5,87.3,30.3,60.1,6.55,0.15,MundaSense deterministic synthetic demo generator v1,True
SYN-0554,maize,Gokwe South,2023/24,521.8,87.3,26.6,63.4,5.57,2.092,MundaSense deterministic synthetic demo generator v1,True
SYN-0555,maize,Zvishavane,2024/25,813.3,261.4,25.0,57.7,6.12,3.524,MundaSense deterministic synthetic demo generator v1,True
SYN-0556,maize,Masvingo,2023/24,632.6,95.5,18.3,80.3,5.87,1.352,MundaSense deterministic synthetic demo generator v1,True
SYN-0557,maize,Mutare,2023/24,543.8,179.5,18.8,63.9,5.96,1.602,MundaSense deterministic synthetic demo generator v1,True
SYN-0558,maize,Zvishavane,2024/25,285.6,185.4,25.5,69.3,7.57,0.516,MundaSense deterministic synthetic demo generator v1,True
SYN-0559,maize,Plumtree,2021/22,588.3,115.0,24.0,66.6,4.83,2.471,MundaSense deterministic synthetic demo generator v1,True
SYN-0560,maize,Plumtree,2024/25,331.5,89.5,21.7,59.4,5.93,2.108,MundaSense deterministic synthetic demo generator v1,True
SYN-0561,maize,Masvingo,2023/24,799.0,56.1,25.3,60.8,6.97,2.207,MundaSense deterministic synthetic demo generator v1,True
SYN-0562,maize,Bindura,2023/24,900.6,30.6,25.5,78.6,5.04,1.614,MundaSense deterministic synthetic demo generator v1,True
SYN-0563,maize,Goromonzi,2022/23,472.6,142.4,28.0,66.2,5.64,1.906,MundaSense deterministic synthetic demo generator v1,True
SYN-0564,maize,Chinhoyi,2024/25,675.9,126.1,25.5,57.1,5.72,3.135,MundaSense deterministic synthetic demo generator v1,True
SYN-0565,maize,Zvishavane,2022/23,485.8,154.6,28.9,66.5,5.94,2.031,MundaSense deterministic synthetic demo generator v1,True
SYN-0566,maize,Chinhoyi,2021/22,503.7,73.2,25.1,65.1,4.95,2.195,MundaSense deterministic synthetic demo generator v1,True
SYN-0567,maize,Chinhoyi,2024/25,763.3,276.2,24.7,92.0,6.53,3.467,MundaSense deterministic synthetic demo generator v1,True
SYN-0568,maize,Chinhoyi,2021/22,612.9,132.6,28.4,66.7,6.58,2.96,MundaSense deterministic synthetic demo generator v1,True
SYN-0569,maize,Mutare,2021/22,941.8,93.3,22.1,65.1,6.47,1.552,MundaSense deterministic synthetic demo generator v1,True
SYN-0570,maize,Masvingo,2023/24,530.8,19.7,33.8,73.1,5.47,0.15,MundaSense deterministic synthetic demo generator v1,True
SYN-0571,maize,Zvishavane,2021/22,804.9,78.5,26.3,49.0,6.16,2.381,MundaSense deterministic synthetic demo generator v1,True
SYN-0572,maize,Goromonzi,2024/25,638.0,158.8,26.3,66.5,5.45,3.178,MundaSense deterministic synthetic demo generator v1,True
SYN-0573,maize,Gokwe South,2022/23,767.2,218.1,26.7,83.2,5.86,3.142,MundaSense deterministic synthetic demo generator v1,True
SYN-0574,maize,Bindura,2021/22,537.3,102.4,30.9,61.3,7.65,0.15,MundaSense deterministic synthetic demo generator v1,True
SYN-0575,maize,Bindura,2024/25,610.8,238.1,27.6,49.1,6.17,2.704,MundaSense deterministic synthetic demo generator v1,True
SYN-0576,maize,Gokwe South,2023/24,598.6,53.2,20.1,66.3,5.24,1.621,MundaSense deterministic synthetic demo generator v1,True
SYN-0577,maize,Zvishavane,2022/23,465.3,128.3,29.5,76.5,6.23,1.015,MundaSense deterministic synthetic demo generator v1,True
SYN-0578,maize,Masvingo,2023/24,742.5,130.4,24.0,70.6,5.13,3.076,MundaSense deterministic synthetic demo generator v1,True
SYN-0579,maize,Zvishavane,2023/24,740.3,143.0,25.4,58.6,5.24,2.938,MundaSense deterministic synthetic demo generator v1,True
SYN-0580,maize,Bindura,2021/22,729.8,111.0,21.1,63.0,5.35,2.884,MundaSense deterministic synthetic demo generator v1,True
SYN-0581,maize,Bindura,2024/25,904.3,124.2,26.7,60.3,5.78,2.743,MundaSense deterministic synthetic demo generator v1,True
SYN-0582,maize,Plumtree,2022/23,888.1,52.3,23.1,71.1,6.77,1.938,MundaSense deterministic synthetic demo generator v1,True
SYN-0583,maize,Bindura,2023/24,550.6,206.4,25.4,78.3,6.52,2.767,MundaSense deterministic synthetic demo generator v1,True
SYN-0584,maize,Bindura,2024/25,689.0,169.5,24.2,76.5,6.48,3.919,MundaSense deterministic synthetic demo generator v1,True
SYN-0585,maize,Goromonzi,2023/24,504.6,121.4,31.1,66.4,5.31,0.15,MundaSense deterministic synthetic demo generator v1,True
SYN-0586,maize,Zvishavane,2023/24,624.3,171.8,31.2,50.1,5.71,1.044,MundaSense deterministic synthetic demo generator v1,True
SYN-0587,maize,Mutare,2022/23,509.0,210.2,25.2,54.4,6.3,3.854,MundaSense deterministic synthetic demo generator v1,True
SYN-0588,maize,Bindura,2021/22,919.7,141.8,25.3,71.1,5.65,2.743,MundaSense deterministic synthetic demo generator v1,True
SYN-0589,maize,Plumtree,2022/23,687.3,292.8,23.9,55.1,5.9,3.726,MundaSense deterministic synthetic demo generator v1,True
SYN-0590,maize,Plumtree,2024/25,579.7,148.7,28.5,62.0,6.42,2.137,MundaSense deterministic synthetic demo generator v1,True
SYN-0591,maize,Plumtree,2023/24,840.8,58.0,24.1,69.9,5.85,1.661,MundaSense deterministic synthetic demo generator v1,True
SYN-0592,maize,Zvishavane,2022/23,218.4,117.8,23.8,57.1,6.26,1.498,MundaSense deterministic synthetic demo generator v1,True
SYN-0593,maize,Chinhoyi,2024/25,247.4,175.6,28.1,55.1,7.25,0.892,MundaSense deterministic synthetic demo generator v1,True
SYN-0594,maize,Zvishavane,2024/25,767.2,210.3,23.4,66.8,5.98,3.66,MundaSense deterministic synthetic demo generator v1,True
SYN-0595,maize,Gokwe South,2024/25,631.2,112.4,25.0,71.0,6.95,3.379,MundaSense deterministic synthetic demo generator v1,True
SYN-0596,maize,Plumtree,2022/23,666.3,54.9,20.2,79.4,6.5,2.346,MundaSense deterministic synthetic demo generator v1,True
SYN-0597,maize,Masvingo,2023/24,374.6,88.3,27.3,70.4,5.04,0.349,MundaSense deterministic synthetic demo generator v1,True
SYN-0598,maize,Plumtree,2023/24,615.7,39.3,31.1,62.9,5.31,0.15,MundaSense deterministic synthetic demo generator v1,True
SYN-0599,maize,Mutare,2022/23,990.6,157.5,27.3,58.1,5.5,2.394,MundaSense deterministic synthetic demo generator v1,True
SYN-0600,maize,Mutare,2022/23,772.5,77.9,29.6,53.6,5.48,1.622,MundaSense deterministic synthetic demo generator v1,True
SYN-0601,maize,Masvingo,2021/22,651.4,64.2,22.5,63.7,6.03,2.489,MundaSense deterministic synthetic demo generator v1,True
SYN-0602,maize,Plumtree,2022/23,538.8,166.3,25.8,69.6,6.54,2.769,MundaSense deterministic synthetic demo generator v1,True
SYN-0603,maize,Mutare,2023/24,547.0,235.5,22.2,71.5,7.0,2.829,MundaSense deterministic synthetic demo generator v1,True
SYN-0604,maize,Chinhoyi,2024/25,226.1,64.0,24.4,48.0,6.32,1.594,MundaSense deterministic synthetic demo generator v1,True
SYN-0605,maize,Plumtree,2024/25,667.7,112.8,27.5,57.7,5.78,2.855,MundaSense deterministic synthetic demo generator v1,True
SYN-0606,maize,Masvingo,2021/22,776.4,90.6,25.4,77.0,4.6,2.791,MundaSense deterministic synthetic demo generator v1,True
SYN-0607,maize,Gokwe South,2023/24,328.5,215.7,20.7,70.2,6.15,1.551,MundaSense deterministic synthetic demo generator v1,True
SYN-0608,maize,Masvingo,2021/22,497.6,97.1,21.0,56.5,6.12,2.282,MundaSense deterministic synthetic demo generator v1,True
SYN-0609,maize,Zvishavane,2023/24,405.9,51.4,20.8,90.6,6.23,0.15,MundaSense deterministic synthetic demo generator v1,True
SYN-0610,maize,Plumtree,2022/23,441.4,99.9,26.6,65.1,7.62,0.992,MundaSense deterministic synthetic demo generator v1,True
SYN-0611,maize,Plumtree,2022/23,629.9,190.8,31.5,65.4,6.99,0.691,MundaSense deterministic synthetic demo generator v1,True
SYN-0612,maize,Goromonzi,2023/24,234.4,87.3,29.3,67.1,6.67,0.241,MundaSense deterministic synthetic demo generator v1,True
SYN-0613,maize,Plumtree,2022/23,733.6,68.5,19.2,67.2,5.41,0.15,MundaSense deterministic synthetic demo generator v1,True
SYN-0614,maize,Goromonzi,2024/25,759.5,94.4,29.5,56.8,5.73,2.2,MundaSense deterministic synthetic demo generator v1,True
SYN-0615,maize,Mutare,2023/24,573.5,52.6,28.0,83.5,6.03,2.555,MundaSense deterministic synthetic demo generator v1,True
SYN-0616,maize,Mutare,2024/25,161.1,90.5,20.3,78.8,5.54,0.15,MundaSense deterministic synthetic demo generator v1,True
SYN-0617,maize,Chinhoyi,2023/24,435.7,71.9,24.2,74.5,6.46,2.948,MundaSense deterministic synthetic demo generator v1,True
SYN-0618,maize,Gokwe South,2022/23,848.1,322.6,28.5,69.2,6.36,0.815,MundaSense deterministic synthetic demo generator v1,True
SYN-0619,maize,Bindura,2024/25,150.0,23.7,26.8,56.2,5.32,1.015,MundaSense deterministic synthetic demo generator v1,True
SYN-0620,maize,Chinhoyi,2022/23,555.7,57.8,21.0,80.8,6.96,2.086,MundaSense deterministic synthetic demo generator v1,True
SYN-0621,maize,Goromonzi,2023/24,401.7,68.5,27.0,57.5,6.17,0.64,MundaSense deterministic synthetic demo generator v1,True
SYN-0622,maize,Goromonzi,2021/22,768.8,52.8,18.5,73.6,4.86,0.784,MundaSense deterministic synthetic demo generator v1,True
SYN-0623,maize,Chinhoyi,2021/22,495.1,129.0,24.4,52.2,6.06,3.36,MundaSense deterministic synthetic demo generator v1,True
SYN-0624,maize,Goromonzi,2023/24,694.7,63.3,28.6,45.6,6.3,2.086,MundaSense deterministic synthetic demo generator v1,True
SYN-0625,maize,Masvingo,2021/22,724.6,36.2,25.2,69.3,6.8,2.621,MundaSense deterministic synthetic demo generator v1,True
SYN-0626,maize,Chinhoyi,2024/25,959.7,106.9,23.6,60.2,5.86,2.392,MundaSense deterministic synthetic demo generator v1,True
SYN-0627,maize,Gokwe South,2024/25,582.5,84.2,27.9,46.6,6.7,1.247,MundaSense deterministic synthetic demo generator v1,True
SYN-0628,maize,Gokwe South,2023/24,689.6,65.3,28.1,69.2,6.23,2.338,MundaSense deterministic synthetic demo generator v1,True
SYN-0629,maize,Masvingo,2023/24,345.3,212.7,29.2,82.7,5.15,0.727,MundaSense deterministic synthetic demo generator v1,True
SYN-0630,maize,Gokwe South,2023/24,840.2,131.6,27.8,77.0,5.08,1.972,MundaSense deterministic synthetic demo generator v1,True
SYN-0631,maize,Mutare,2021/22,479.3,123.1,28.5,61.8,6.91,0.514,MundaSense deterministic synthetic demo generator v1,True
SYN-0632,maize,Gokwe South,2022/23,516.3,133.3,27.4,64.9,6.96,1.453,MundaSense deterministic synthetic demo generator v1,True
SYN-0633,maize,Goromonzi,2022/23,615.9,129.3,25.9,73.8,6.33,2.995,MundaSense deterministic synthetic demo generator v1,True
SYN-0634,maize,Goromonzi,2024/25,330.9,86.9,25.4,76.3,7.18,0.968,MundaSense deterministic synthetic demo generator v1,True
SYN-0635,maize,Chinhoyi,2021/22,662.3,63.7,24.4,63.9,6.86,2.968,MundaSense deterministic synthetic demo generator v1,True
SYN-0636,maize,Mutare,2022/23,799.0,108.3,21.3,69.4,6.59,2.998,MundaSense deterministic synthetic demo generator v1,True
SYN-0637,maize,Chinhoyi,2022/23,674.2,85.9,22.1,71.2,5.44,2.324,MundaSense deterministic synthetic demo generator v1,True
SYN-0638,maize,Gokwe South,2021/22,326.1,23.4,24.2,72.0,7.35,1.009,MundaSense deterministic synthetic demo generator v1,True
SYN-0639,maize,Plumtree,2021/22,597.1,49.7,25.8,64.7,6.49,2.63,MundaSense deterministic synthetic demo generator v1,True
SYN-0640,maize,Zvishavane,2022/23,757.3,79.3,29.6,62.2,5.82,1.071,MundaSense deterministic synthetic demo generator v1,True
SYN-0641,maize,Mutare,2021/22,272.6,168.4,25.0,78.9,5.62,1.451,MundaSense deterministic synthetic demo generator v1,True
SYN-0642,maize,Zvishavane,2021/22,421.2,108.6,28.2,75.1,6.28,0.15,MundaSense deterministic synthetic demo generator v1,True
SYN-0643,maize,Plumtree,2022/23,782.2,56.4,28.4,68.4,4.9,0.852,MundaSense deterministic synthetic demo generator v1,True
SYN-0644,maize,Goromonzi,2021/22,670.0,46.7,24.4,82.4,6.6,2.769,MundaSense deterministic synthetic demo generator v1,True
SYN-0645,maize,Plumtree,2023/24,696.2,188.8,26.9,61.7,5.41,2.667,MundaSense deterministic synthetic demo generator v1,True
SYN-0646,maize,Gokwe South,2021/22,964.0,89.4,24.3,81.6,6.37,1.901,MundaSense deterministic synthetic demo generator v1,True
SYN-0647,maize,Goromonzi,2022/23,706.7,7.7,29.2,68.4,5.72,1.491,MundaSense deterministic synthetic demo generator v1,True
SYN-0648,maize,Masvingo,2022/23,741.7,93.0,27.1,92.0,5.91,1.836,MundaSense deterministic synthetic demo generator v1,True
SYN-0649,maize,Zvishavane,2024/25,1121.5,148.2,21.4,58.3,5.56,1.498,MundaSense deterministic synthetic demo generator v1,True
SYN-0650,maize,Plumtree,2023/24,580.4,45.7,25.6,59.9,5.98,2.842,MundaSense deterministic synthetic demo generator v1,True
SYN-0651,maize,Goromonzi,2024/25,472.4,103.7,30.2,66.6,7.46,0.35,MundaSense deterministic synthetic demo generator v1,True
SYN-0652,maize,Mutare,2022/23,699.1,109.6,24.5,70.4,7.1,3.324,MundaSense deterministic synthetic demo generator v1,True
SYN-0653,maize,Chinhoyi,2022/23,701.2,47.7,26.5,83.0,6.36,2.48,MundaSense deterministic synthetic demo generator v1,True
SYN-0654,maize,Plumtree,2022/23,522.6,198.5,26.8,59.2,6.08,2.334,MundaSense deterministic synthetic demo generator v1,True
SYN-0655,maize,Masvingo,2024/25,429.0,110.7,21.9,76.8,6.71,2.268,MundaSense deterministic synthetic demo generator v1,True
SYN-0656,maize,Masvingo,2024/25,1047.3,79.0,26.7,75.8,6.91,0.816,MundaSense deterministic synthetic demo generator v1,True
SYN-0657,maize,Plumtree,2024/25,680.5,89.8,20.8,75.8,5.5,2.575,MundaSense deterministic synthetic demo generator v1,True
SYN-0658,maize,Mutare,2024/25,484.5,41.5,23.2,59.1,6.04,2.621,MundaSense deterministic synthetic demo generator v1,True
SYN-0659,maize,Bindura,2023/24,789.4,40.2,28.4,76.8,4.79,0.707,MundaSense deterministic synthetic demo generator v1,True
SYN-0660,maize,Gokwe South,2023/24,599.8,74.4,26.2,76.7,6.91,2.149,MundaSense deterministic synthetic demo generator v1,True
SYN-0661,maize,Chinhoyi,2024/25,573.2,77.4,24.2,72.5,7.59,2.295,MundaSense deterministic synthetic demo generator v1,True
SYN-0662,maize,Mutare,2022/23,724.0,86.2,26.5,67.3,6.16,2.254,MundaSense deterministic synthetic demo generator v1,True
SYN-0663,maize,Bindura,2022/23,381.0,208.4,24.9,68.6,4.57,1.868,MundaSense deterministic synthetic demo generator v1,True
SYN-0664,maize,Chinhoyi,2024/25,685.2,143.6,25.1,65.7,6.54,3.818,MundaSense deterministic synthetic demo generator v1,True
SYN-0665,maize,Masvingo,2022/23,973.9,26.6,27.1,70.8,5.45,1.236,MundaSense deterministic synthetic demo generator v1,True
SYN-0666,maize,Mutare,2021/22,706.2,186.5,22.8,68.3,5.62,3.062,MundaSense deterministic synthetic demo generator v1,True
SYN-0667,maize,Masvingo,2023/24,550.4,74.0,25.2,58.7,6.55,3.412,MundaSense deterministic synthetic demo generator v1,True
SYN-0668,maize,Plumtree,2022/23,526.2,151.6,24.1,57.7,6.28,2.796,MundaSense deterministic synthetic demo generator v1,True
SYN-0669,maize,Zvishavane,2024/25,544.1,77.8,20.2,63.1,5.75,1.696,MundaSense deterministic synthetic demo generator v1,True
SYN-0670,maize,Chinhoyi,2024/25,573.0,106.6,22.2,70.4,5.63,2.674,MundaSense deterministic synthetic demo generator v1,True
SYN-0671,maize,Zvishavane,2022/23,550.1,43.7,30.0,62.8,6.19,0.15,MundaSense deterministic synthetic demo generator v1,True
SYN-0672,maize,Masvingo,2023/24,789.5,120.8,26.3,67.5,5.81,3.307,MundaSense deterministic synthetic demo generator v1,True
SYN-0673,maize,Mutare,2024/25,299.4,161.5,21.0,73.8,5.3,2.091,MundaSense deterministic synthetic demo generator v1,True
SYN-0674,maize,Bindura,2023/24,779.5,30.8,20.3,64.1,5.86,2.298,MundaSense deterministic synthetic demo generator v1,True
SYN-0675,maize,Masvingo,2021/22,549.8,162.9,24.8,79.9,6.34,2.257,MundaSense deterministic synthetic demo generator v1,True
SYN-0676,maize,Mutare,2023/24,689.7,63.6,29.9,60.6,5.97,2.034,MundaSense deterministic synthetic demo generator v1,True
SYN-0677,maize,Masvingo,2023/24,411.5,245.7,24.5,62.9,5.08,1.778,MundaSense deterministic synthetic demo generator v1,True
SYN-0678,maize,Bindura,2023/24,865.8,153.2,29.2,67.9,6.81,1.307,MundaSense deterministic synthetic demo generator v1,True
SYN-0679,maize,Masvingo,2021/22,850.4,138.3,26.2,49.1,4.2,1.485,MundaSense deterministic synthetic demo generator v1,True
SYN-0680,maize,Zvishavane,2022/23,797.5,90.1,26.6,58.3,5.78,2.894,MundaSense deterministic synthetic demo generator v1,True
SYN-0681,maize,Mutare,2024/25,339.8,355.3,21.0,78.2,5.65,2.977,MundaSense deterministic synthetic demo generator v1,True
SYN-0682,maize,Chinhoyi,2021/22,773.4,74.3,28.0,48.8,6.21,2.15,MundaSense deterministic synthetic demo generator v1,True
SYN-0683,maize,Zvishavane,2022/23,694.9,50.5,24.1,77.2,6.5,2.625,MundaSense deterministic synthetic demo generator v1,True
SYN-0684,maize,Zvishavane,2022/23,323.0,65.0,27.8,78.2,6.91,0.251,MundaSense deterministic synthetic demo generator v1,True
SYN-0685,maize,Chinhoyi,2021/22,615.5,178.0,22.6,64.9,5.59,2.357,MundaSense deterministic synthetic demo generator v1,True
SYN-0686,maize,Plumtree,2021/22,687.4,105.4,25.6,68.7,6.52,2.657,MundaSense deterministic synthetic demo generator v1,True
SYN-0687,maize,Goromonzi,2022/23,722.9,96.3,26.2,75.7,6.24,3.768,MundaSense deterministic synthetic demo generator v1,True
SYN-0688,maize,Masvingo,2024/25,652.8,75.0,24.6,62.6,4.87,2.816,MundaSense deterministic synthetic demo generator v1,True
SYN-0689,maize,Goromonzi,2021/22,673.9,93.2,26.4,73.4,7.47,2.418,MundaSense deterministic synthetic demo generator v1,True
SYN-0690,maize,Plumtree,2022/23,892.6,71.8,24.3,61.0,5.06,1.39,MundaSense deterministic synthetic demo generator v1,True
SYN-0691,maize,Zvishavane,2021/22,846.8,145.8,23.1,63.5,6.4,2.842,MundaSense deterministic synthetic demo generator v1,True
SYN-0692,maize,Plumtree,2023/24,150.0,85.0,30.1,55.8,6.38,0.15,MundaSense deterministic synthetic demo generator v1,True
SYN-0693,maize,Zvishavane,2022/23,561.3,65.8,28.4,67.2,6.3,2.016,MundaSense deterministic synthetic demo generator v1,True
SYN-0694,maize,Zvishavane,2024/25,589.5,169.7,22.7,78.5,5.74,3.236,MundaSense deterministic synthetic demo generator v1,True
SYN-0695,maize,Bindura,2023/24,295.9,51.6,26.9,63.5,6.7,0.696,MundaSense deterministic synthetic demo generator v1,True
SYN-0696,maize,Gokwe South,2024/25,637.4,106.3,22.8,56.6,4.98,3.209,MundaSense deterministic synthetic demo generator v1,True
SYN-0697,maize,Mutare,2023/24,851.0,23.3,21.4,59.3,6.05,0.445,MundaSense deterministic synthetic demo generator v1,True
SYN-0698,maize,Masvingo,2022/23,419.0,37.8,28.3,67.7,5.69,0.949,MundaSense deterministic synthetic demo generator v1,True
SYN-0699,maize,Bindura,2024/25,682.2,79.3,19.8,86.7,5.61,3.335,MundaSense deterministic synthetic demo generator v1,True
SYN-0700,maize,Bindura,2022/23,450.6,70.9,28.0,68.0,6.41,1.034,MundaSense deterministic synthetic demo generator v1,True
SYN-0701,maize,Masvingo,2024/25,495.7,70.9,24.3,63.5,6.88,2.368,MundaSense deterministic synthetic demo generator v1,True
SYN-0702,maize,Masvingo,2024/25,893.3,154.0,24.4,73.8,5.85,2.704,MundaSense deterministic synthetic demo generator v1,True
SYN-0703,maize,Chinhoyi,2023/24,519.6,159.1,26.4,63.4,6.66,2.531,MundaSense deterministic synthetic demo generator v1,True
SYN-0704,maize,Chinhoyi,2023/24,705.5,118.6,26.9,61.8,6.14,3.467,MundaSense deterministic synthetic demo generator v1,True
SYN-0705,maize,Chinhoyi,2022/23,273.8,49.7,22.5,59.6,5.46,1.548,MundaSense deterministic synthetic demo generator v1,True
SYN-0706,maize,Masvingo,2024/25,964.5,92.8,27.3,77.5,5.91,1.523,MundaSense deterministic synthetic demo generator v1,True
SYN-0707,maize,Bindura,2023/24,731.5,265.0,25.5,43.3,5.88,3.745,MundaSense deterministic synthetic demo generator v1,True
SYN-0708,maize,Masvingo,2024/25,586.2,336.0,21.2,76.3,5.6,2.937,MundaSense deterministic synthetic demo generator v1,True
SYN-0709,maize,Goromonzi,2022/23,726.5,170.6,24.6,62.6,6.41,5.355,MundaSense deterministic synthetic demo generator v1,True
SYN-0710,maize,Goromonzi,2024/25,359.2,51.1,29.4,59.7,6.27,0.722,MundaSense deterministic synthetic demo generator v1,True
SYN-0711,maize,Mutare,2022/23,838.8,93.3,30.3,78.0,4.95,0.196,MundaSense deterministic synthetic demo generator v1,True
SYN-0712,maize,Masvingo,2021/22,560.1,114.1,27.3,58.4,4.91,0.766,MundaSense deterministic synthetic demo generator v1,True
SYN-0713,maize,Mutare,2021/22,582.2,104.2,21.4,62.9,6.41,2.488,MundaSense deterministic synthetic demo generator v1,True
SYN-0714,maize,Plumtree,2023/24,529.0,180.7,26.6,64.2,5.51,2.89,MundaSense deterministic synthetic demo generator v1,True
SYN-0715,maize,Zvishavane,2022/23,512.6,150.2,27.7,68.3,6.32,1.583,MundaSense deterministic synthetic demo generator v1,True
SYN-0716,maize,Plumtree,2021/22,748.5,49.2,27.3,60.9,6.66,0.866,MundaSense deterministic synthetic demo generator v1,True
SYN-0717,maize,Masvingo,2022/23,667.3,66.9,27.5,50.6,5.18,1.911,MundaSense deterministic synthetic demo generator v1,True
SYN-0718,maize,Goromonzi,2023/24,740.6,170.2,26.2,57.9,5.08,3.555,MundaSense deterministic synthetic demo generator v1,True
SYN-0719,maize,Chinhoyi,2022/23,618.4,212.2,24.9,78.1,7.31,3.126,MundaSense deterministic synthetic demo generator v1,True
SYN-0720,maize,Masvingo,2024/25,714.9,114.9,23.2,68.4,6.35,3.176,MundaSense deterministic synthetic demo generator v1,True
